trajectory_key,source_file,created_at,attempt_index,run_signature,job_key,model,fs_enabled,fs_method,n_features,ordering,dataset_run_id,window_seconds,inner_k,outer_k,equalize_lopo_groups,use_smote,metric_key,metric_value
advanced_hybrid_1dcnn_lstm|1|10|true|true|True|select_k_best_f_classif|10|sequential|9709895809ac45abb5c87d6696ce56d4,sweeps/artifacts/runexp-mode-fs-sets-none-models-advanced_hybrid_1dcnn_ls-ws-2-ord-sequential-ik-1-ok-10-eq-true-sm-true-ds-auto-fsm-select_k_best_f_classif-fn-10__8225f30a643e.results.jsonl,2026-03-24T20:22:13+00:00,2,8225f30a643eb59b188a3349d6f5616b3f331beaa512d03d7d541cbd5ae2a15c,"{""dataset_run_id"":""9709895809ac45abb5c87d6696ce56d4"",""fs_enabled"":true,""fs_method"":""select_k_best_f_classif"",""model"":""advanced_hybrid_1dcnn_lstm"",""n_features"":10,""window_seconds"":2}",advanced_hybrid_1dcnn_lstm,True,select_k_best_f_classif,10,sequential,9709895809ac45abb5c87d6696ce56d4,2,1,10,true,true,feature_selection_mean_pairwise_jaccard,0.4
advanced_hybrid_1dcnn_lstm|5|10|true|true|True|select_k_best_f_classif|10|sequential|9709895809ac45abb5c87d6696ce56d4,sweeps/artifacts/runexp-mode-fs-sets-none-models-advanced_hybrid_1dcnn_ls-ws-2-ord-sequential-ik-5-ok-10-eq-true-sm-true-ds-auto-fsm-select_k_best_f_classif-fn-10__7a530633668b.results.jsonl,2026-03-24T20:24:19+00:00,1,7a530633668b2632a6e415508259fab05b8a1e44b094d473520deb8a6250180d,"{""dataset_run_id"":""9709895809ac45abb5c87d6696ce56d4"",""fs_enabled"":true,""fs_method"":""select_k_best_f_classif"",""model"":""advanced_hybrid_1dcnn_lstm"",""n_features"":10,""window_seconds"":2}",advanced_hybrid_1dcnn_lstm,True,select_k_best_f_classif,10,sequential,9709895809ac45abb5c87d6696ce56d4,2,5,10,true,true,feature_selection_mean_pairwise_jaccard,0.23660241874527588
advanced_hybrid_1dcnn_lstm|10|10|true|true|True|select_k_best_f_classif|10|sequential|9709895809ac45abb5c87d6696ce56d4,sweeps/artifacts/runexp-mode-fs-sets-none-models-advanced_hybrid_1dcnn_ls-ws-2-ord-sequential-ik-10-ok-10-eq-true-sm-true-ds-auto-fsm-select_k_best_f_classif-fn-10__33ead398b14e.results.jsonl,2026-03-24T20:26:48+00:00,1,33ead398b14e33bd233160183b0f5088d66c6b0f360bdf251e6de2755698ffdc,"{""dataset_run_id"":""9709895809ac45abb5c87d6696ce56d4"",""fs_enabled"":true,""fs_method"":""select_k_best_f_classif"",""model"":""advanced_hybrid_1dcnn_lstm"",""n_features"":10,""window_seconds"":2}",advanced_hybrid_1dcnn_lstm,True,select_k_best_f_classif,10,sequential,9709895809ac45abb5c87d6696ce56d4,2,10,10,true,true,feature_selection_mean_pairwise_jaccard,0.21431220261383904
advanced_hybrid_1dcnn_lstm|15|10|true|true|True|select_k_best_f_classif|10|sequential|9709895809ac45abb5c87d6696ce56d4,sweeps/artifacts/runexp-mode-fs-sets-none-models-advanced_hybrid_1dcnn_ls-ws-2-ord-sequential-ik-15-ok-10-eq-true-sm-true-ds-auto-fsm-select_k_best_f_classif-fn-10__fd1fda0bd975.results.jsonl,2026-03-24T20:29:26+00:00,1,fd1fda0bd9759094ef1ddcd679237ee43624e8c71ee4518c069830225ac03b6a,"{""dataset_run_id"":""9709895809ac45abb5c87d6696ce56d4"",""fs_enabled"":true,""fs_method"":""select_k_best_f_classif"",""model"":""advanced_hybrid_1dcnn_lstm"",""n_features"":10,""window_seconds"":2}",advanced_hybrid_1dcnn_lstm,True,select_k_best_f_classif,10,sequential,9709895809ac45abb5c87d6696ce56d4,2,15,10,true,true,feature_selection_mean_pairwise_jaccard,0.26091032038423007
advanced_hybrid_1dcnn_lstm|20|10|true|true|True|select_k_best_f_classif|10|sequential|9709895809ac45abb5c87d6696ce56d4,sweeps/artifacts/runexp-mode-fs-sets-none-models-advanced_hybrid_1dcnn_ls-ws-2-ord-sequential-ik-20-ok-10-eq-true-sm-true-ds-auto-fsm-select_k_best_f_classif-fn-10__ec61802ca3d3.results.jsonl,2026-03-24T20:32:01+00:00,1,ec61802ca3d3acdb96059085d30e800812f0a51797b67f54a864a2e9bd7faba4,"{""dataset_run_id"":""9709895809ac45abb5c87d6696ce56d4"",""fs_enabled"":true,""fs_method"":""select_k_best_f_classif"",""model"":""advanced_hybrid_1dcnn_lstm"",""n_features"":10,""window_seconds"":2}",advanced_hybrid_1dcnn_lstm,True,select_k_best_f_classif,10,sequential,9709895809ac45abb5c87d6696ce56d4,2,20,10,true,true,feature_selection_mean_pairwise_jaccard,0.3260252256196688
advanced_hybrid_1dcnn_lstm|25|10|true|true|True|select_k_best_f_classif|10|sequential|9709895809ac45abb5c87d6696ce56d4,sweeps/artifacts/runexp-mode-fs-sets-none-models-advanced_hybrid_1dcnn_ls-ws-2-ord-sequential-ik-25-ok-10-eq-true-sm-true-ds-auto-fsm-select_k_best_f_classif-fn-10__fda153f10929.results.jsonl,2026-03-24T20:34:40+00:00,1,fda153f109293db5dce462a617cf757a6437ebcfa15b7b8af6457a1fd622f012,"{""dataset_run_id"":""9709895809ac45abb5c87d6696ce56d4"",""fs_enabled"":true,""fs_method"":""select_k_best_f_classif"",""model"":""advanced_hybrid_1dcnn_lstm"",""n_features"":10,""window_seconds"":2}",advanced_hybrid_1dcnn_lstm,True,select_k_best_f_classif,10,sequential,9709895809ac45abb5c87d6696ce56d4,2,25,10,true,true,feature_selection_mean_pairwise_jaccard,0.3533876425049364
advanced_hybrid_1dcnn_lstm|30|10|true|true|True|select_k_best_f_classif|10|sequential|9709895809ac45abb5c87d6696ce56d4,sweeps/artifacts/runexp-mode-fs-sets-none-models-advanced_hybrid_1dcnn_ls-ws-2-ord-sequential-ik-30-ok-10-eq-true-sm-true-ds-auto-fsm-select_k_best_f_classif-fn-10__30e52ccc00cb.results.jsonl,2026-03-24T20:37:21+00:00,1,30e52ccc00cb31940fbc1a94c99772d18ca68d66a4726caa9e7b9be2b9a72e10,"{""dataset_run_id"":""9709895809ac45abb5c87d6696ce56d4"",""fs_enabled"":true,""fs_method"":""select_k_best_f_classif"",""model"":""advanced_hybrid_1dcnn_lstm"",""n_features"":10,""window_seconds"":2}",advanced_hybrid_1dcnn_lstm,True,select_k_best_f_classif,10,sequential,9709895809ac45abb5c87d6696ce56d4,2,30,10,true,true,feature_selection_mean_pairwise_jaccard,0.36264941618392404
advanced_hybrid_1dcnn_lstm|35|10|true|true|True|select_k_best_f_classif|10|sequential|9709895809ac45abb5c87d6696ce56d4,sweeps/artifacts/runexp-mode-fs-sets-none-models-advanced_hybrid_1dcnn_ls-ws-2-ord-sequential-ik-35-ok-10-eq-true-sm-true-ds-auto-fsm-select_k_best_f_classif-fn-10__204e60e575bb.results.jsonl,2026-03-24T20:40:22+00:00,1,204e60e575bb17964420d1b27d7fb0209c9e3c3adef480009ac0e248baa073e2,"{""dataset_run_id"":""9709895809ac45abb5c87d6696ce56d4"",""fs_enabled"":true,""fs_method"":""select_k_best_f_classif"",""model"":""advanced_hybrid_1dcnn_lstm"",""n_features"":10,""window_seconds"":2}",advanced_hybrid_1dcnn_lstm,True,select_k_best_f_classif,10,sequential,9709895809ac45abb5c87d6696ce56d4,2,35,10,true,true,feature_selection_mean_pairwise_jaccard,0.3809471648292542
advanced_hybrid_1dcnn_lstm|40|10|true|true|True|select_k_best_f_classif|10|sequential|9709895809ac45abb5c87d6696ce56d4,sweeps/artifacts/runexp-mode-fs-sets-none-models-advanced_hybrid_1dcnn_ls-ws-2-ord-sequential-ik-40-ok-10-eq-true-sm-true-ds-auto-fsm-select_k_best_f_classif-fn-10__82136e4ba5a5.results.jsonl,2026-03-24T20:43:06+00:00,1,82136e4ba5a58e06af014c3ac4bae7960bbdecfdd8e90b7d8a407c51b0756b16,"{""dataset_run_id"":""9709895809ac45abb5c87d6696ce56d4"",""fs_enabled"":true,""fs_method"":""select_k_best_f_classif"",""model"":""advanced_hybrid_1dcnn_lstm"",""n_features"":10,""window_seconds"":2}",advanced_hybrid_1dcnn_lstm,True,select_k_best_f_classif,10,sequential,9709895809ac45abb5c87d6696ce56d4,2,40,10,true,true,feature_selection_mean_pairwise_jaccard,0.3952091295881725
advanced_hybrid_1dcnn_lstm|45|10|true|true|True|select_k_best_f_classif|10|sequential|9709895809ac45abb5c87d6696ce56d4,sweeps/artifacts/runexp-mode-fs-sets-none-models-advanced_hybrid_1dcnn_ls-ws-2-ord-sequential-ik-45-ok-10-eq-true-sm-true-ds-auto-fsm-select_k_best_f_classif-fn-10__d7ea9f2be445.results.jsonl,2026-03-24T21:36:54+00:00,1,d7ea9f2be445092bc1eb6cdf2f23ffb189992b796856e4fcdb9eb5bd1aeb2d4f,"{""dataset_run_id"":""9709895809ac45abb5c87d6696ce56d4"",""fs_enabled"":true,""fs_method"":""select_k_best_f_classif"",""model"":""advanced_hybrid_1dcnn_lstm"",""n_features"":10,""window_seconds"":2}",advanced_hybrid_1dcnn_lstm,True,select_k_best_f_classif,10,sequential,9709895809ac45abb5c87d6696ce56d4,2,45,10,true,true,feature_selection_mean_pairwise_jaccard,0.4066443723689421
advanced_hybrid_1dcnn_lstm|50|10|true|true|True|select_k_best_f_classif|10|sequential|9709895809ac45abb5c87d6696ce56d4,sweeps/artifacts/runexp-mode-fs-sets-none-models-advanced_hybrid_1dcnn_ls-ws-2-ord-sequential-ik-50-ok-10-eq-true-sm-true-ds-auto-fsm-select_k_best_f_classif-fn-10__c8982781f6d0.results.jsonl,2026-03-24T21:39:56+00:00,1,c8982781f6d09484652ad3fbeb6e57ed0542d67b51a7eaa280e3baa6276e61bb,"{""dataset_run_id"":""9709895809ac45abb5c87d6696ce56d4"",""fs_enabled"":true,""fs_method"":""select_k_best_f_classif"",""model"":""advanced_hybrid_1dcnn_lstm"",""n_features"":10,""window_seconds"":2}",advanced_hybrid_1dcnn_lstm,True,select_k_best_f_classif,10,sequential,9709895809ac45abb5c87d6696ce56d4,2,50,10,true,true,feature_selection_mean_pairwise_jaccard,0.4210290434431495
advanced_hybrid_1dcnn_lstm|55|10|true|true|True|select_k_best_f_classif|10|sequential|9709895809ac45abb5c87d6696ce56d4,sweeps/artifacts/runexp-mode-fs-sets-none-models-advanced_hybrid_1dcnn_ls-ws-2-ord-sequential-ik-55-ok-10-eq-true-sm-true-ds-auto-fsm-select_k_best_f_classif-fn-10__542b02a1e5f7.results.jsonl,2026-03-24T21:42:53+00:00,1,542b02a1e5f7569c1d122f5b1140b2c782161ca47eb3b097053a04d8ca5bfcf0,"{""dataset_run_id"":""9709895809ac45abb5c87d6696ce56d4"",""fs_enabled"":true,""fs_method"":""select_k_best_f_classif"",""model"":""advanced_hybrid_1dcnn_lstm"",""n_features"":10,""window_seconds"":2}",advanced_hybrid_1dcnn_lstm,True,select_k_best_f_classif,10,sequential,9709895809ac45abb5c87d6696ce56d4,2,55,10,true,true,feature_selection_mean_pairwise_jaccard,0.4423749539335805
advanced_hybrid_1dcnn_lstm|60|10|true|true|True|select_k_best_f_classif|10|sequential|9709895809ac45abb5c87d6696ce56d4,sweeps/artifacts/runexp-mode-fs-sets-none-models-advanced_hybrid_1dcnn_ls-ws-2-ord-sequential-ik-60-ok-10-eq-true-sm-true-ds-auto-fsm-select_k_best_f_classif-fn-10__7e658364eaed.results.jsonl,2026-03-24T21:45:41+00:00,1,7e658364eaed45437fe22f97777e8c7ab81b887464c669c5f8fb1f1cb9f4c355,"{""dataset_run_id"":""9709895809ac45abb5c87d6696ce56d4"",""fs_enabled"":true,""fs_method"":""select_k_best_f_classif"",""model"":""advanced_hybrid_1dcnn_lstm"",""n_features"":10,""window_seconds"":2}",advanced_hybrid_1dcnn_lstm,True,select_k_best_f_classif,10,sequential,9709895809ac45abb5c87d6696ce56d4,2,60,10,true,true,feature_selection_mean_pairwise_jaccard,0.4589978647335601
advanced_hybrid_1dcnn_lstm|65|10|true|true|True|select_k_best_f_classif|10|sequential|9709895809ac45abb5c87d6696ce56d4,sweeps/artifacts/runexp-mode-fs-sets-none-models-advanced_hybrid_1dcnn_ls-ws-2-ord-sequential-ik-65-ok-10-eq-true-sm-true-ds-auto-fsm-select_k_best_f_classif-fn-10__75191a2dcf92.results.jsonl,2026-03-24T21:48:39+00:00,1,75191a2dcf9229a3b62d449156443f03fafe1c6f253c78d8639f04f9bcc56b0a,"{""dataset_run_id"":""9709895809ac45abb5c87d6696ce56d4"",""fs_enabled"":true,""fs_method"":""select_k_best_f_classif"",""model"":""advanced_hybrid_1dcnn_lstm"",""n_features"":10,""window_seconds"":2}",advanced_hybrid_1dcnn_lstm,True,select_k_best_f_classif,10,sequential,9709895809ac45abb5c87d6696ce56d4,2,65,10,true,true,feature_selection_mean_pairwise_jaccard,0.48049873993357206
advanced_hybrid_1dcnn_lstm|70|10|true|true|True|select_k_best_f_classif|10|sequential|9709895809ac45abb5c87d6696ce56d4,sweeps/artifacts/runexp-mode-fs-sets-none-models-advanced_hybrid_1dcnn_ls-ws-2-ord-sequential-ik-70-ok-10-eq-true-sm-true-ds-auto-fsm-select_k_best_f_classif-fn-10__b21582d9f0ef.results.jsonl,2026-03-24T21:51:55+00:00,1,b21582d9f0ef93e6dcead574eb84bd0b650f28606b3e949617ebcd2f51f16e7a,"{""dataset_run_id"":""9709895809ac45abb5c87d6696ce56d4"",""fs_enabled"":true,""fs_method"":""select_k_best_f_classif"",""model"":""advanced_hybrid_1dcnn_lstm"",""n_features"":10,""window_seconds"":2}",advanced_hybrid_1dcnn_lstm,True,select_k_best_f_classif,10,sequential,9709895809ac45abb5c87d6696ce56d4,2,70,10,true,true,feature_selection_mean_pairwise_jaccard,0.4967176159848093
advanced_hybrid_1dcnn_lstm|1|10|true|true|True|select_k_best_f_classif|10|sequential|6fbacde98dc24b6f8fff45c64cb68493,sweeps/artifacts/runexp-mode-fs-sets-none-models-advanced_hybrid_1dcnn_ls-ws-4-ord-sequential-ik-1-ok-10-eq-true-sm-true-ds-auto-fsm-select_k_best_f_classif-fn-10__6f59455cad54.results.jsonl,2026-03-24T20:44:12+00:00,1,6f59455cad543e194c6ebc23fa498e2e2c3f553baccaef13317f0080afaab4c8,"{""dataset_run_id"":""6fbacde98dc24b6f8fff45c64cb68493"",""fs_enabled"":true,""fs_method"":""select_k_best_f_classif"",""model"":""advanced_hybrid_1dcnn_lstm"",""n_features"":10,""window_seconds"":4}",advanced_hybrid_1dcnn_lstm,True,select_k_best_f_classif,10,sequential,6fbacde98dc24b6f8fff45c64cb68493,4,1,10,true,true,feature_selection_mean_pairwise_jaccard,0.5714285714285714
advanced_hybrid_1dcnn_lstm|5|10|true|true|True|select_k_best_f_classif|10|sequential|6fbacde98dc24b6f8fff45c64cb68493,sweeps/artifacts/runexp-mode-fs-sets-none-models-advanced_hybrid_1dcnn_ls-ws-4-ord-sequential-ik-5-ok-10-eq-true-sm-true-ds-auto-fsm-select_k_best_f_classif-fn-10__4ae5028417ca.results.jsonl,2026-03-24T20:45:28+00:00,1,4ae5028417ca3060810101e0fb8119c101ff12335b687b68cea1dc1e657f8282,"{""dataset_run_id"":""6fbacde98dc24b6f8fff45c64cb68493"",""fs_enabled"":true,""fs_method"":""select_k_best_f_classif"",""model"":""advanced_hybrid_1dcnn_lstm"",""n_features"":10,""window_seconds"":4}",advanced_hybrid_1dcnn_lstm,True,select_k_best_f_classif,10,sequential,6fbacde98dc24b6f8fff45c64cb68493,4,5,10,true,true,feature_selection_mean_pairwise_jaccard,0.250604686318972
advanced_hybrid_1dcnn_lstm|10|10|true|true|True|select_k_best_f_classif|10|sequential|6fbacde98dc24b6f8fff45c64cb68493,sweeps/artifacts/runexp-mode-fs-sets-none-models-advanced_hybrid_1dcnn_ls-ws-4-ord-sequential-ik-10-ok-10-eq-true-sm-true-ds-auto-fsm-select_k_best_f_classif-fn-10__90c949fe75ff.results.jsonl,2026-03-24T20:46:49+00:00,1,90c949fe75ff5c9a10af27a6a1dec2559ce0b243ea4c2cb2d74a8d5fb1f54552,"{""dataset_run_id"":""6fbacde98dc24b6f8fff45c64cb68493"",""fs_enabled"":true,""fs_method"":""select_k_best_f_classif"",""model"":""advanced_hybrid_1dcnn_lstm"",""n_features"":10,""window_seconds"":4}",advanced_hybrid_1dcnn_lstm,True,select_k_best_f_classif,10,sequential,6fbacde98dc24b6f8fff45c64cb68493,4,10,10,true,true,feature_selection_mean_pairwise_jaccard,0.2175238471456959
advanced_hybrid_1dcnn_lstm|15|10|true|true|True|select_k_best_f_classif|10|sequential|6fbacde98dc24b6f8fff45c64cb68493,sweeps/artifacts/runexp-mode-fs-sets-none-models-advanced_hybrid_1dcnn_ls-ws-4-ord-sequential-ik-15-ok-10-eq-true-sm-true-ds-auto-fsm-select_k_best_f_classif-fn-10__aaee2add8002.results.jsonl,2026-03-24T20:48:26+00:00,1,aaee2add800272b4152562a3c9b1b16755acdd3bb4edb66fb2af06f357811c28,"{""dataset_run_id"":""6fbacde98dc24b6f8fff45c64cb68493"",""fs_enabled"":true,""fs_method"":""select_k_best_f_classif"",""model"":""advanced_hybrid_1dcnn_lstm"",""n_features"":10,""window_seconds"":4}",advanced_hybrid_1dcnn_lstm,True,select_k_best_f_classif,10,sequential,6fbacde98dc24b6f8fff45c64cb68493,4,15,10,true,true,feature_selection_mean_pairwise_jaccard,0.2497416093567642
advanced_hybrid_1dcnn_lstm|20|10|true|true|True|select_k_best_f_classif|10|sequential|6fbacde98dc24b6f8fff45c64cb68493,sweeps/artifacts/runexp-mode-fs-sets-none-models-advanced_hybrid_1dcnn_ls-ws-4-ord-sequential-ik-20-ok-10-eq-true-sm-true-ds-auto-fsm-select_k_best_f_classif-fn-10__3a39385915dd.results.jsonl,2026-03-24T20:50:11+00:00,1,3a39385915ddde3894ee13ce6b60840585fc7cff1fbf8f6632b1e48b200d9942,"{""dataset_run_id"":""6fbacde98dc24b6f8fff45c64cb68493"",""fs_enabled"":true,""fs_method"":""select_k_best_f_classif"",""model"":""advanced_hybrid_1dcnn_lstm"",""n_features"":10,""window_seconds"":4}",advanced_hybrid_1dcnn_lstm,True,select_k_best_f_classif,10,sequential,6fbacde98dc24b6f8fff45c64cb68493,4,20,10,true,true,feature_selection_mean_pairwise_jaccard,0.29771354769571917
advanced_hybrid_1dcnn_lstm|25|10|true|true|True|select_k_best_f_classif|10|sequential|6fbacde98dc24b6f8fff45c64cb68493,sweeps/artifacts/runexp-mode-fs-sets-none-models-advanced_hybrid_1dcnn_ls-ws-4-ord-sequential-ik-25-ok-10-eq-true-sm-true-ds-auto-fsm-select_k_best_f_classif-fn-10__b7bcb459b7cb.results.jsonl,2026-03-24T20:51:53+00:00,1,b7bcb459b7cb96c98aefd6fd58a168508b7b40c8cda7d4587bd8e085a529da99,"{""dataset_run_id"":""6fbacde98dc24b6f8fff45c64cb68493"",""fs_enabled"":true,""fs_method"":""select_k_best_f_classif"",""model"":""advanced_hybrid_1dcnn_lstm"",""n_features"":10,""window_seconds"":4}",advanced_hybrid_1dcnn_lstm,True,select_k_best_f_classif,10,sequential,6fbacde98dc24b6f8fff45c64cb68493,4,25,10,true,true,feature_selection_mean_pairwise_jaccard,0.3362779435731236
advanced_hybrid_1dcnn_lstm|30|10|true|true|True|select_k_best_f_classif|10|sequential|6fbacde98dc24b6f8fff45c64cb68493,sweeps/artifacts/runexp-mode-fs-sets-none-models-advanced_hybrid_1dcnn_ls-ws-4-ord-sequential-ik-30-ok-10-eq-true-sm-true-ds-auto-fsm-select_k_best_f_classif-fn-10__55fcb88e1d6b.results.jsonl,2026-03-24T20:53:48+00:00,1,55fcb88e1d6b193d2b620d4d34cfa74e21b8b10c296e6f43ee96ce5e71bb2b34,"{""dataset_run_id"":""6fbacde98dc24b6f8fff45c64cb68493"",""fs_enabled"":true,""fs_method"":""select_k_best_f_classif"",""model"":""advanced_hybrid_1dcnn_lstm"",""n_features"":10,""window_seconds"":4}",advanced_hybrid_1dcnn_lstm,True,select_k_best_f_classif,10,sequential,6fbacde98dc24b6f8fff45c64cb68493,4,30,10,true,true,feature_selection_mean_pairwise_jaccard,0.35276827681679523
advanced_hybrid_1dcnn_lstm|35|10|true|true|True|select_k_best_f_classif|10|sequential|6fbacde98dc24b6f8fff45c64cb68493,sweeps/artifacts/runexp-mode-fs-sets-none-models-advanced_hybrid_1dcnn_ls-ws-4-ord-sequential-ik-35-ok-10-eq-true-sm-true-ds-auto-fsm-select_k_best_f_classif-fn-10__f59fe33c9541.results.jsonl,2026-03-24T20:55:38+00:00,1,f59fe33c9541c20605b14f4d2d5fc18bf82ecfd44bba0befa9f2514deea564b9,"{""dataset_run_id"":""6fbacde98dc24b6f8fff45c64cb68493"",""fs_enabled"":true,""fs_method"":""select_k_best_f_classif"",""model"":""advanced_hybrid_1dcnn_lstm"",""n_features"":10,""window_seconds"":4}",advanced_hybrid_1dcnn_lstm,True,select_k_best_f_classif,10,sequential,6fbacde98dc24b6f8fff45c64cb68493,4,35,10,true,true,feature_selection_mean_pairwise_jaccard,0.3655872877753907
advanced_hybrid_1dcnn_lstm|40|10|true|true|True|select_k_best_f_classif|10|sequential|6fbacde98dc24b6f8fff45c64cb68493,sweeps/artifacts/runexp-mode-fs-sets-none-models-advanced_hybrid_1dcnn_ls-ws-4-ord-sequential-ik-40-ok-10-eq-true-sm-true-ds-auto-fsm-select_k_best_f_classif-fn-10__3aa7527f21ce.results.jsonl,2026-03-24T20:57:23+00:00,1,3aa7527f21ce79c8b11fa5e2f1290be6cf0ee51cad627ed6df528692c2657b02,"{""dataset_run_id"":""6fbacde98dc24b6f8fff45c64cb68493"",""fs_enabled"":true,""fs_method"":""select_k_best_f_classif"",""model"":""advanced_hybrid_1dcnn_lstm"",""n_features"":10,""window_seconds"":4}",advanced_hybrid_1dcnn_lstm,True,select_k_best_f_classif,10,sequential,6fbacde98dc24b6f8fff45c64cb68493,4,40,10,true,true,feature_selection_mean_pairwise_jaccard,0.39223272581674556
advanced_hybrid_1dcnn_lstm|45|10|true|true|True|select_k_best_f_classif|10|sequential|6fbacde98dc24b6f8fff45c64cb68493,sweeps/artifacts/runexp-mode-fs-sets-none-models-advanced_hybrid_1dcnn_ls-ws-4-ord-sequential-ik-45-ok-10-eq-true-sm-true-ds-auto-fsm-select_k_best_f_classif-fn-10__4bea6c506c08.results.jsonl,2026-03-24T21:53:49+00:00,1,4bea6c506c08584e9c571d1dfd955ca575fedd983f73b4442e4d460c6ae2890c,"{""dataset_run_id"":""6fbacde98dc24b6f8fff45c64cb68493"",""fs_enabled"":true,""fs_method"":""select_k_best_f_classif"",""model"":""advanced_hybrid_1dcnn_lstm"",""n_features"":10,""window_seconds"":4}",advanced_hybrid_1dcnn_lstm,True,select_k_best_f_classif,10,sequential,6fbacde98dc24b6f8fff45c64cb68493,4,45,10,true,true,feature_selection_mean_pairwise_jaccard,0.41003853303199705
advanced_hybrid_1dcnn_lstm|50|10|true|true|True|select_k_best_f_classif|10|sequential|6fbacde98dc24b6f8fff45c64cb68493,sweeps/artifacts/runexp-mode-fs-sets-none-models-advanced_hybrid_1dcnn_ls-ws-4-ord-sequential-ik-50-ok-10-eq-true-sm-true-ds-auto-fsm-select_k_best_f_classif-fn-10__a2a24f26165b.results.jsonl,2026-03-24T21:55:39+00:00,1,a2a24f26165bb67892553f02b107d41d5d6a3eee0b3b6f918ad77c0b115173f4,"{""dataset_run_id"":""6fbacde98dc24b6f8fff45c64cb68493"",""fs_enabled"":true,""fs_method"":""select_k_best_f_classif"",""model"":""advanced_hybrid_1dcnn_lstm"",""n_features"":10,""window_seconds"":4}",advanced_hybrid_1dcnn_lstm,True,select_k_best_f_classif,10,sequential,6fbacde98dc24b6f8fff45c64cb68493,4,50,10,true,true,feature_selection_mean_pairwise_jaccard,0.4207710148620018
advanced_hybrid_1dcnn_lstm|55|10|true|true|True|select_k_best_f_classif|10|sequential|6fbacde98dc24b6f8fff45c64cb68493,sweeps/artifacts/runexp-mode-fs-sets-none-models-advanced_hybrid_1dcnn_ls-ws-4-ord-sequential-ik-55-ok-10-eq-true-sm-true-ds-auto-fsm-select_k_best_f_classif-fn-10__f2edd92b5133.results.jsonl,2026-03-24T21:57:30+00:00,1,f2edd92b5133e63568e47abe70c8c8a8d16d5995f14b5f5fbf115e0700ab1f77,"{""dataset_run_id"":""6fbacde98dc24b6f8fff45c64cb68493"",""fs_enabled"":true,""fs_method"":""select_k_best_f_classif"",""model"":""advanced_hybrid_1dcnn_lstm"",""n_features"":10,""window_seconds"":4}",advanced_hybrid_1dcnn_lstm,True,select_k_best_f_classif,10,sequential,6fbacde98dc24b6f8fff45c64cb68493,4,55,10,true,true,feature_selection_mean_pairwise_jaccard,0.4417123613000746
advanced_hybrid_1dcnn_lstm|60|10|true|true|True|select_k_best_f_classif|10|sequential|6fbacde98dc24b6f8fff45c64cb68493,sweeps/artifacts/runexp-mode-fs-sets-none-models-advanced_hybrid_1dcnn_ls-ws-4-ord-sequential-ik-60-ok-10-eq-true-sm-true-ds-auto-fsm-select_k_best_f_classif-fn-10__3d2946e84a73.results.jsonl,2026-03-24T21:59:30+00:00,1,3d2946e84a73430db48e1c69d179665b144fa49176a00dbeeb38b36d5e611443,"{""dataset_run_id"":""6fbacde98dc24b6f8fff45c64cb68493"",""fs_enabled"":true,""fs_method"":""select_k_best_f_classif"",""model"":""advanced_hybrid_1dcnn_lstm"",""n_features"":10,""window_seconds"":4}",advanced_hybrid_1dcnn_lstm,True,select_k_best_f_classif,10,sequential,6fbacde98dc24b6f8fff45c64cb68493,4,60,10,true,true,feature_selection_mean_pairwise_jaccard,0.4636294031677042
advanced_hybrid_1dcnn_lstm|65|10|true|true|True|select_k_best_f_classif|10|sequential|6fbacde98dc24b6f8fff45c64cb68493,sweeps/artifacts/runexp-mode-fs-sets-none-models-advanced_hybrid_1dcnn_ls-ws-4-ord-sequential-ik-65-ok-10-eq-true-sm-true-ds-auto-fsm-select_k_best_f_classif-fn-10__b9a3170c3c81.results.jsonl,2026-03-24T22:01:22+00:00,1,b9a3170c3c81aa2881d71044fb78ca0da7f16f96fa60a94264bd588526f03902,"{""dataset_run_id"":""6fbacde98dc24b6f8fff45c64cb68493"",""fs_enabled"":true,""fs_method"":""select_k_best_f_classif"",""model"":""advanced_hybrid_1dcnn_lstm"",""n_features"":10,""window_seconds"":4}",advanced_hybrid_1dcnn_lstm,True,select_k_best_f_classif,10,sequential,6fbacde98dc24b6f8fff45c64cb68493,4,65,10,true,true,feature_selection_mean_pairwise_jaccard,0.4815954550197247
advanced_hybrid_1dcnn_lstm|70|10|true|true|True|select_k_best_f_classif|10|sequential|6fbacde98dc24b6f8fff45c64cb68493,sweeps/artifacts/runexp-mode-fs-sets-none-models-advanced_hybrid_1dcnn_ls-ws-4-ord-sequential-ik-70-ok-10-eq-true-sm-true-ds-auto-fsm-select_k_best_f_classif-fn-10__52b835e26859.results.jsonl,2026-03-24T22:03:08+00:00,1,52b835e26859d5a6493bec51fb99949269c9472c11de97d1339566390c65a737,"{""dataset_run_id"":""6fbacde98dc24b6f8fff45c64cb68493"",""fs_enabled"":true,""fs_method"":""select_k_best_f_classif"",""model"":""advanced_hybrid_1dcnn_lstm"",""n_features"":10,""window_seconds"":4}",advanced_hybrid_1dcnn_lstm,True,select_k_best_f_classif,10,sequential,6fbacde98dc24b6f8fff45c64cb68493,4,70,10,true,true,feature_selection_mean_pairwise_jaccard,0.49753625332193774
advanced_hybrid_1dcnn_lstm|1|10|true|true|True|select_k_best_f_classif|10|sequential|f7cc3f2991cf46b58bbb3528f4944b25,sweeps/artifacts/runexp-mode-fs-sets-none-models-advanced_hybrid_1dcnn_ls-ws-6-ord-sequential-ik-1-ok-10-eq-true-sm-true-ds-auto-fsm-select_k_best_f_classif-fn-10__c25fbcf98eff.results.jsonl,2026-03-24T20:58:14+00:00,1,c25fbcf98efff3e854d37ff8cd992d2cfc993349db9c7aeac52119e07f9266ac,"{""dataset_run_id"":""f7cc3f2991cf46b58bbb3528f4944b25"",""fs_enabled"":true,""fs_method"":""select_k_best_f_classif"",""model"":""advanced_hybrid_1dcnn_lstm"",""n_features"":10,""window_seconds"":6}",advanced_hybrid_1dcnn_lstm,True,select_k_best_f_classif,10,sequential,f7cc3f2991cf46b58bbb3528f4944b25,6,1,10,true,true,feature_selection_mean_pairwise_jaccard,0.19047619047619047
advanced_hybrid_1dcnn_lstm|5|10|true|true|True|select_k_best_f_classif|10|sequential|f7cc3f2991cf46b58bbb3528f4944b25,sweeps/artifacts/runexp-mode-fs-sets-none-models-advanced_hybrid_1dcnn_ls-ws-6-ord-sequential-ik-5-ok-10-eq-true-sm-true-ds-auto-fsm-select_k_best_f_classif-fn-10__82dd3650e9e4.results.jsonl,2026-03-24T20:59:19+00:00,1,82dd3650e9e48ed546a0c535c9c7e3c4c2993706112c9e03fa52bcfb12caf74f,"{""dataset_run_id"":""f7cc3f2991cf46b58bbb3528f4944b25"",""fs_enabled"":true,""fs_method"":""select_k_best_f_classif"",""model"":""advanced_hybrid_1dcnn_lstm"",""n_features"":10,""window_seconds"":6}",advanced_hybrid_1dcnn_lstm,True,select_k_best_f_classif,10,sequential,f7cc3f2991cf46b58bbb3528f4944b25,6,5,10,true,true,feature_selection_mean_pairwise_jaccard,0.25633030990173844
advanced_hybrid_1dcnn_lstm|10|10|true|true|True|select_k_best_f_classif|10|sequential|f7cc3f2991cf46b58bbb3528f4944b25,sweeps/artifacts/runexp-mode-fs-sets-none-models-advanced_hybrid_1dcnn_ls-ws-6-ord-sequential-ik-10-ok-10-eq-true-sm-true-ds-auto-fsm-select_k_best_f_classif-fn-10__034fff2c0f56.results.jsonl,2026-03-24T21:00:27+00:00,1,034fff2c0f563eaa502fb44dad4594b4a169a80f0f69ed02281fa902cf873824,"{""dataset_run_id"":""f7cc3f2991cf46b58bbb3528f4944b25"",""fs_enabled"":true,""fs_method"":""select_k_best_f_classif"",""model"":""advanced_hybrid_1dcnn_lstm"",""n_features"":10,""window_seconds"":6}",advanced_hybrid_1dcnn_lstm,True,select_k_best_f_classif,10,sequential,f7cc3f2991cf46b58bbb3528f4944b25,6,10,10,true,true,feature_selection_mean_pairwise_jaccard,0.22523372371890726
advanced_hybrid_1dcnn_lstm|15|10|true|true|True|select_k_best_f_classif|10|sequential|f7cc3f2991cf46b58bbb3528f4944b25,sweeps/artifacts/runexp-mode-fs-sets-none-models-advanced_hybrid_1dcnn_ls-ws-6-ord-sequential-ik-15-ok-10-eq-true-sm-true-ds-auto-fsm-select_k_best_f_classif-fn-10__c2e70895985f.results.jsonl,2026-03-24T21:01:46+00:00,1,c2e70895985f05a1a4790bbe9c00eb9bbcd0b793e2a9c2dea4de63369a8e8c7d,"{""dataset_run_id"":""f7cc3f2991cf46b58bbb3528f4944b25"",""fs_enabled"":true,""fs_method"":""select_k_best_f_classif"",""model"":""advanced_hybrid_1dcnn_lstm"",""n_features"":10,""window_seconds"":6}",advanced_hybrid_1dcnn_lstm,True,select_k_best_f_classif,10,sequential,f7cc3f2991cf46b58bbb3528f4944b25,6,15,10,true,true,feature_selection_mean_pairwise_jaccard,0.24952136631640864
advanced_hybrid_1dcnn_lstm|20|10|true|true|True|select_k_best_f_classif|10|sequential|f7cc3f2991cf46b58bbb3528f4944b25,sweeps/artifacts/runexp-mode-fs-sets-none-models-advanced_hybrid_1dcnn_ls-ws-6-ord-sequential-ik-20-ok-10-eq-true-sm-true-ds-auto-fsm-select_k_best_f_classif-fn-10__cee15fd3f1c9.results.jsonl,2026-03-24T21:03:07+00:00,1,cee15fd3f1c9ab2a79dfaf827a3cc31e50ee9a108b4fb2e316967c8bb721f3e5,"{""dataset_run_id"":""f7cc3f2991cf46b58bbb3528f4944b25"",""fs_enabled"":true,""fs_method"":""select_k_best_f_classif"",""model"":""advanced_hybrid_1dcnn_lstm"",""n_features"":10,""window_seconds"":6}",advanced_hybrid_1dcnn_lstm,True,select_k_best_f_classif,10,sequential,f7cc3f2991cf46b58bbb3528f4944b25,6,20,10,true,true,feature_selection_mean_pairwise_jaccard,0.2838247047993529
advanced_hybrid_1dcnn_lstm|25|10|true|true|True|select_k_best_f_classif|10|sequential|f7cc3f2991cf46b58bbb3528f4944b25,sweeps/artifacts/runexp-mode-fs-sets-none-models-advanced_hybrid_1dcnn_ls-ws-6-ord-sequential-ik-25-ok-10-eq-true-sm-true-ds-auto-fsm-select_k_best_f_classif-fn-10__7d1c4e2ee2f7.results.jsonl,2026-03-24T21:04:30+00:00,1,7d1c4e2ee2f75aab08b7b9781d6f13aef554e29d9cda53a191cf9d08fc2439f8,"{""dataset_run_id"":""f7cc3f2991cf46b58bbb3528f4944b25"",""fs_enabled"":true,""fs_method"":""select_k_best_f_classif"",""model"":""advanced_hybrid_1dcnn_lstm"",""n_features"":10,""window_seconds"":6}",advanced_hybrid_1dcnn_lstm,True,select_k_best_f_classif,10,sequential,f7cc3f2991cf46b58bbb3528f4944b25,6,25,10,true,true,feature_selection_mean_pairwise_jaccard,0.3387829051080188
advanced_hybrid_1dcnn_lstm|30|10|true|true|True|select_k_best_f_classif|10|sequential|f7cc3f2991cf46b58bbb3528f4944b25,sweeps/artifacts/runexp-mode-fs-sets-none-models-advanced_hybrid_1dcnn_ls-ws-6-ord-sequential-ik-30-ok-10-eq-true-sm-true-ds-auto-fsm-select_k_best_f_classif-fn-10__66db2132a384.results.jsonl,2026-03-24T21:05:50+00:00,1,66db2132a384e2ac84bccaab293ce478842f921e58227a345be3e91e3c4b2294,"{""dataset_run_id"":""f7cc3f2991cf46b58bbb3528f4944b25"",""fs_enabled"":true,""fs_method"":""select_k_best_f_classif"",""model"":""advanced_hybrid_1dcnn_lstm"",""n_features"":10,""window_seconds"":6}",advanced_hybrid_1dcnn_lstm,True,select_k_best_f_classif,10,sequential,f7cc3f2991cf46b58bbb3528f4944b25,6,30,10,true,true,feature_selection_mean_pairwise_jaccard,0.3629166361737634
advanced_hybrid_1dcnn_lstm|35|10|true|true|True|select_k_best_f_classif|10|sequential|f7cc3f2991cf46b58bbb3528f4944b25,sweeps/artifacts/runexp-mode-fs-sets-none-models-advanced_hybrid_1dcnn_ls-ws-6-ord-sequential-ik-35-ok-10-eq-true-sm-true-ds-auto-fsm-select_k_best_f_classif-fn-10__918d2f924a51.results.jsonl,2026-03-24T21:07:15+00:00,1,918d2f924a5180dbc4ede53c58a829e6a9f50b8189a26d9fdb7afe66a6b9e9d9,"{""dataset_run_id"":""f7cc3f2991cf46b58bbb3528f4944b25"",""fs_enabled"":true,""fs_method"":""select_k_best_f_classif"",""model"":""advanced_hybrid_1dcnn_lstm"",""n_features"":10,""window_seconds"":6}",advanced_hybrid_1dcnn_lstm,True,select_k_best_f_classif,10,sequential,f7cc3f2991cf46b58bbb3528f4944b25,6,35,10,true,true,feature_selection_mean_pairwise_jaccard,0.38883296537218176
advanced_hybrid_1dcnn_lstm|40|10|true|true|True|select_k_best_f_classif|10|sequential|f7cc3f2991cf46b58bbb3528f4944b25,sweeps/artifacts/runexp-mode-fs-sets-none-models-advanced_hybrid_1dcnn_ls-ws-6-ord-sequential-ik-40-ok-10-eq-true-sm-true-ds-auto-fsm-select_k_best_f_classif-fn-10__138c098b9577.results.jsonl,2026-03-24T21:08:45+00:00,1,138c098b95776fe05163118577ed6da5550fcc93ed0584c8f4ac6bb26fde89d3,"{""dataset_run_id"":""f7cc3f2991cf46b58bbb3528f4944b25"",""fs_enabled"":true,""fs_method"":""select_k_best_f_classif"",""model"":""advanced_hybrid_1dcnn_lstm"",""n_features"":10,""window_seconds"":6}",advanced_hybrid_1dcnn_lstm,True,select_k_best_f_classif,10,sequential,f7cc3f2991cf46b58bbb3528f4944b25,6,40,10,true,true,feature_selection_mean_pairwise_jaccard,0.4148954834050276
advanced_hybrid_1dcnn_lstm|45|10|true|true|True|select_k_best_f_classif|10|sequential|f7cc3f2991cf46b58bbb3528f4944b25,sweeps/artifacts/runexp-mode-fs-sets-none-models-advanced_hybrid_1dcnn_ls-ws-6-ord-sequential-ik-45-ok-10-eq-true-sm-true-ds-auto-fsm-select_k_best_f_classif-fn-10__3fc002a49e8d.results.jsonl,2026-03-24T22:04:49+00:00,1,3fc002a49e8db6ec2e9bbbe949792fae1750ee069cc4d6e4dff2f046d3f07d6e,"{""dataset_run_id"":""f7cc3f2991cf46b58bbb3528f4944b25"",""fs_enabled"":true,""fs_method"":""select_k_best_f_classif"",""model"":""advanced_hybrid_1dcnn_lstm"",""n_features"":10,""window_seconds"":6}",advanced_hybrid_1dcnn_lstm,True,select_k_best_f_classif,10,sequential,f7cc3f2991cf46b58bbb3528f4944b25,6,45,10,true,true,feature_selection_mean_pairwise_jaccard,0.43053845342791813
advanced_hybrid_1dcnn_lstm|50|10|true|true|True|select_k_best_f_classif|10|sequential|f7cc3f2991cf46b58bbb3528f4944b25,sweeps/artifacts/runexp-mode-fs-sets-none-models-advanced_hybrid_1dcnn_ls-ws-6-ord-sequential-ik-50-ok-10-eq-true-sm-true-ds-auto-fsm-select_k_best_f_classif-fn-10__fa179b31b8bb.results.jsonl,2026-03-24T22:06:15+00:00,1,fa179b31b8bb9cf10f0db132ecd7eba6fb29df9fbc0fa6bbc15bae11ac3b4280,"{""dataset_run_id"":""f7cc3f2991cf46b58bbb3528f4944b25"",""fs_enabled"":true,""fs_method"":""select_k_best_f_classif"",""model"":""advanced_hybrid_1dcnn_lstm"",""n_features"":10,""window_seconds"":6}",advanced_hybrid_1dcnn_lstm,True,select_k_best_f_classif,10,sequential,f7cc3f2991cf46b58bbb3528f4944b25,6,50,10,true,true,feature_selection_mean_pairwise_jaccard,0.4442365306741236
advanced_hybrid_1dcnn_lstm|55|10|true|true|True|select_k_best_f_classif|10|sequential|f7cc3f2991cf46b58bbb3528f4944b25,sweeps/artifacts/runexp-mode-fs-sets-none-models-advanced_hybrid_1dcnn_ls-ws-6-ord-sequential-ik-55-ok-10-eq-true-sm-true-ds-auto-fsm-select_k_best_f_classif-fn-10__da91748a5e1f.results.jsonl,2026-03-24T22:07:46+00:00,1,da91748a5e1fd4ce78fab301d5a2154265cdfd7e87e1fc879e2131adca93c9cc,"{""dataset_run_id"":""f7cc3f2991cf46b58bbb3528f4944b25"",""fs_enabled"":true,""fs_method"":""select_k_best_f_classif"",""model"":""advanced_hybrid_1dcnn_lstm"",""n_features"":10,""window_seconds"":6}",advanced_hybrid_1dcnn_lstm,True,select_k_best_f_classif,10,sequential,f7cc3f2991cf46b58bbb3528f4944b25,6,55,10,true,true,feature_selection_mean_pairwise_jaccard,0.46014480580140044
advanced_hybrid_1dcnn_lstm|60|10|true|true|True|select_k_best_f_classif|10|sequential|f7cc3f2991cf46b58bbb3528f4944b25,sweeps/artifacts/runexp-mode-fs-sets-none-models-advanced_hybrid_1dcnn_ls-ws-6-ord-sequential-ik-60-ok-10-eq-true-sm-true-ds-auto-fsm-select_k_best_f_classif-fn-10__33c893b1676f.results.jsonl,2026-03-24T22:09:18+00:00,1,33c893b1676ff0c50c1ef590949288b9b945daf0940e41cf35302452d875c224,"{""dataset_run_id"":""f7cc3f2991cf46b58bbb3528f4944b25"",""fs_enabled"":true,""fs_method"":""select_k_best_f_classif"",""model"":""advanced_hybrid_1dcnn_lstm"",""n_features"":10,""window_seconds"":6}",advanced_hybrid_1dcnn_lstm,True,select_k_best_f_classif,10,sequential,f7cc3f2991cf46b58bbb3528f4944b25,6,60,10,true,true,feature_selection_mean_pairwise_jaccard,0.4786863954594537
advanced_hybrid_1dcnn_lstm|65|10|true|true|True|select_k_best_f_classif|10|sequential|f7cc3f2991cf46b58bbb3528f4944b25,sweeps/artifacts/runexp-mode-fs-sets-none-models-advanced_hybrid_1dcnn_ls-ws-6-ord-sequential-ik-65-ok-10-eq-true-sm-true-ds-auto-fsm-select_k_best_f_classif-fn-10__e98a981ce491.results.jsonl,2026-03-24T22:10:39+00:00,1,e98a981ce491d9c92cc48e98e62895d5c6be1ae0f166ae48b3f2da69efddefd5,"{""dataset_run_id"":""f7cc3f2991cf46b58bbb3528f4944b25"",""fs_enabled"":true,""fs_method"":""select_k_best_f_classif"",""model"":""advanced_hybrid_1dcnn_lstm"",""n_features"":10,""window_seconds"":6}",advanced_hybrid_1dcnn_lstm,True,select_k_best_f_classif,10,sequential,f7cc3f2991cf46b58bbb3528f4944b25,6,65,10,true,true,feature_selection_mean_pairwise_jaccard,0.4921317299192941
advanced_hybrid_1dcnn_lstm|70|10|true|true|True|select_k_best_f_classif|10|sequential|f7cc3f2991cf46b58bbb3528f4944b25,sweeps/artifacts/runexp-mode-fs-sets-none-models-advanced_hybrid_1dcnn_ls-ws-6-ord-sequential-ik-70-ok-10-eq-true-sm-true-ds-auto-fsm-select_k_best_f_classif-fn-10__1cce3f95bb65.results.jsonl,2026-03-24T22:12:07+00:00,1,1cce3f95bb657c885b50569ffc3b42fcb82b21a949086a632d89b8d829352a3b,"{""dataset_run_id"":""f7cc3f2991cf46b58bbb3528f4944b25"",""fs_enabled"":true,""fs_method"":""select_k_best_f_classif"",""model"":""advanced_hybrid_1dcnn_lstm"",""n_features"":10,""window_seconds"":6}",advanced_hybrid_1dcnn_lstm,True,select_k_best_f_classif,10,sequential,f7cc3f2991cf46b58bbb3528f4944b25,6,70,10,true,true,feature_selection_mean_pairwise_jaccard,0.5040480417132193
advanced_hybrid_1dcnn_lstm|1|10|true|true|True|select_k_best_f_classif|10|sequential|18efe04bc6a2488fac966a342fe5aa1c,sweeps/artifacts/runexp-mode-fs-sets-none-models-advanced_hybrid_1dcnn_ls-ws-8-ord-sequential-ik-1-ok-10-eq-true-sm-true-ds-auto-fsm-select_k_best_f_classif-fn-10__2be127205a90.results.jsonl,2026-03-24T21:09:32+00:00,1,2be127205a9047f614d212840ab63c82669f7bd22c2f58d722be05c096ec331c,"{""dataset_run_id"":""18efe04bc6a2488fac966a342fe5aa1c"",""fs_enabled"":true,""fs_method"":""select_k_best_f_classif"",""model"":""advanced_hybrid_1dcnn_lstm"",""n_features"":10,""window_seconds"":8}",advanced_hybrid_1dcnn_lstm,True,select_k_best_f_classif,10,sequential,18efe04bc6a2488fac966a342fe5aa1c,8,1,10,true,true,feature_selection_mean_pairwise_jaccard,0.16666666666666666
advanced_hybrid_1dcnn_lstm|5|10|true|true|True|select_k_best_f_classif|10|sequential|18efe04bc6a2488fac966a342fe5aa1c,sweeps/artifacts/runexp-mode-fs-sets-none-models-advanced_hybrid_1dcnn_ls-ws-8-ord-sequential-ik-5-ok-10-eq-true-sm-true-ds-auto-fsm-select_k_best_f_classif-fn-10__fa525778a15e.results.jsonl,2026-03-24T21:10:19+00:00,1,fa525778a15eba41955e17047570b00271136a3e3c348c09f57757e2f77ab8ce,"{""dataset_run_id"":""18efe04bc6a2488fac966a342fe5aa1c"",""fs_enabled"":true,""fs_method"":""select_k_best_f_classif"",""model"":""advanced_hybrid_1dcnn_lstm"",""n_features"":10,""window_seconds"":8}",advanced_hybrid_1dcnn_lstm,True,select_k_best_f_classif,10,sequential,18efe04bc6a2488fac966a342fe5aa1c,8,5,10,true,true,feature_selection_mean_pairwise_jaccard,0.2590891912320484
advanced_hybrid_1dcnn_lstm|10|10|true|true|True|select_k_best_f_classif|10|sequential|18efe04bc6a2488fac966a342fe5aa1c,sweeps/artifacts/runexp-mode-fs-sets-none-models-advanced_hybrid_1dcnn_ls-ws-8-ord-sequential-ik-10-ok-10-eq-true-sm-true-ds-auto-fsm-select_k_best_f_classif-fn-10__bfa60efb304b.results.jsonl,2026-03-24T21:11:16+00:00,1,bfa60efb304bf68528380e963a88375ffab328ac298e5daf462717672ce295de,"{""dataset_run_id"":""18efe04bc6a2488fac966a342fe5aa1c"",""fs_enabled"":true,""fs_method"":""select_k_best_f_classif"",""model"":""advanced_hybrid_1dcnn_lstm"",""n_features"":10,""window_seconds"":8}",advanced_hybrid_1dcnn_lstm,True,select_k_best_f_classif,10,sequential,18efe04bc6a2488fac966a342fe5aa1c,8,10,10,true,true,feature_selection_mean_pairwise_jaccard,0.2359009927121382
advanced_hybrid_1dcnn_lstm|15|10|true|true|True|select_k_best_f_classif|10|sequential|18efe04bc6a2488fac966a342fe5aa1c,sweeps/artifacts/runexp-mode-fs-sets-none-models-advanced_hybrid_1dcnn_ls-ws-8-ord-sequential-ik-15-ok-10-eq-true-sm-true-ds-auto-fsm-select_k_best_f_classif-fn-10__876aecd4d5c2.results.jsonl,2026-03-24T21:12:16+00:00,1,876aecd4d5c2d658c7db123a4dc827256dbe1053ec05bf423602c914ee2327d7,"{""dataset_run_id"":""18efe04bc6a2488fac966a342fe5aa1c"",""fs_enabled"":true,""fs_method"":""select_k_best_f_classif"",""model"":""advanced_hybrid_1dcnn_lstm"",""n_features"":10,""window_seconds"":8}",advanced_hybrid_1dcnn_lstm,True,select_k_best_f_classif,10,sequential,18efe04bc6a2488fac966a342fe5aa1c,8,15,10,true,true,feature_selection_mean_pairwise_jaccard,0.2561929214873508
advanced_hybrid_1dcnn_lstm|20|10|true|true|True|select_k_best_f_classif|10|sequential|18efe04bc6a2488fac966a342fe5aa1c,sweeps/artifacts/runexp-mode-fs-sets-none-models-advanced_hybrid_1dcnn_ls-ws-8-ord-sequential-ik-20-ok-10-eq-true-sm-true-ds-auto-fsm-select_k_best_f_classif-fn-10__c00f3c6e1853.results.jsonl,2026-03-24T21:13:14+00:00,1,c00f3c6e1853ea7112f585734d1910454227e9c212912f4b7c791ea41c550792,"{""dataset_run_id"":""18efe04bc6a2488fac966a342fe5aa1c"",""fs_enabled"":true,""fs_method"":""select_k_best_f_classif"",""model"":""advanced_hybrid_1dcnn_lstm"",""n_features"":10,""window_seconds"":8}",advanced_hybrid_1dcnn_lstm,True,select_k_best_f_classif,10,sequential,18efe04bc6a2488fac966a342fe5aa1c,8,20,10,true,true,feature_selection_mean_pairwise_jaccard,0.29322832187942766
advanced_hybrid_1dcnn_lstm|25|10|true|true|True|select_k_best_f_classif|10|sequential|18efe04bc6a2488fac966a342fe5aa1c,sweeps/artifacts/runexp-mode-fs-sets-none-models-advanced_hybrid_1dcnn_ls-ws-8-ord-sequential-ik-25-ok-10-eq-true-sm-true-ds-auto-fsm-select_k_best_f_classif-fn-10__248436de3e38.results.jsonl,2026-03-24T21:14:08+00:00,1,248436de3e383647055488d6b297824f19c26058bcc196bfc2cc96564aceca94,"{""dataset_run_id"":""18efe04bc6a2488fac966a342fe5aa1c"",""fs_enabled"":true,""fs_method"":""select_k_best_f_classif"",""model"":""advanced_hybrid_1dcnn_lstm"",""n_features"":10,""window_seconds"":8}",advanced_hybrid_1dcnn_lstm,True,select_k_best_f_classif,10,sequential,18efe04bc6a2488fac966a342fe5aa1c,8,25,10,true,true,feature_selection_mean_pairwise_jaccard,0.32185661848485614
advanced_hybrid_1dcnn_lstm|30|10|true|true|True|select_k_best_f_classif|10|sequential|18efe04bc6a2488fac966a342fe5aa1c,sweeps/artifacts/runexp-mode-fs-sets-none-models-advanced_hybrid_1dcnn_ls-ws-8-ord-sequential-ik-30-ok-10-eq-true-sm-true-ds-auto-fsm-select_k_best_f_classif-fn-10__243955d4e960.results.jsonl,2026-03-24T21:15:10+00:00,1,243955d4e9605b6f3b75f16db6ec07178136a06bdddfac0ca74d0acbf8e56363,"{""dataset_run_id"":""18efe04bc6a2488fac966a342fe5aa1c"",""fs_enabled"":true,""fs_method"":""select_k_best_f_classif"",""model"":""advanced_hybrid_1dcnn_lstm"",""n_features"":10,""window_seconds"":8}",advanced_hybrid_1dcnn_lstm,True,select_k_best_f_classif,10,sequential,18efe04bc6a2488fac966a342fe5aa1c,8,30,10,true,true,feature_selection_mean_pairwise_jaccard,0.3598228415857385
advanced_hybrid_1dcnn_lstm|35|10|true|true|True|select_k_best_f_classif|10|sequential|18efe04bc6a2488fac966a342fe5aa1c,sweeps/artifacts/runexp-mode-fs-sets-none-models-advanced_hybrid_1dcnn_ls-ws-8-ord-sequential-ik-35-ok-10-eq-true-sm-true-ds-auto-fsm-select_k_best_f_classif-fn-10__fe5e71cd4b86.results.jsonl,2026-03-24T21:16:15+00:00,1,fe5e71cd4b861fcb265a7e5b10947b08c106b74efb71320fe306246bae26437e,"{""dataset_run_id"":""18efe04bc6a2488fac966a342fe5aa1c"",""fs_enabled"":true,""fs_method"":""select_k_best_f_classif"",""model"":""advanced_hybrid_1dcnn_lstm"",""n_features"":10,""window_seconds"":8}",advanced_hybrid_1dcnn_lstm,True,select_k_best_f_classif,10,sequential,18efe04bc6a2488fac966a342fe5aa1c,8,35,10,true,true,feature_selection_mean_pairwise_jaccard,0.38948090121082346
advanced_hybrid_1dcnn_lstm|40|10|true|true|True|select_k_best_f_classif|10|sequential|18efe04bc6a2488fac966a342fe5aa1c,sweeps/artifacts/runexp-mode-fs-sets-none-models-advanced_hybrid_1dcnn_ls-ws-8-ord-sequential-ik-40-ok-10-eq-true-sm-true-ds-auto-fsm-select_k_best_f_classif-fn-10__681b342c31d6.results.jsonl,2026-03-24T21:17:25+00:00,1,681b342c31d6d34233ba0f03fc07ba3cca3c192bef99a0832184d1a99dda7445,"{""dataset_run_id"":""18efe04bc6a2488fac966a342fe5aa1c"",""fs_enabled"":true,""fs_method"":""select_k_best_f_classif"",""model"":""advanced_hybrid_1dcnn_lstm"",""n_features"":10,""window_seconds"":8}",advanced_hybrid_1dcnn_lstm,True,select_k_best_f_classif,10,sequential,18efe04bc6a2488fac966a342fe5aa1c,8,40,10,true,true,feature_selection_mean_pairwise_jaccard,0.4116013768200657
advanced_hybrid_1dcnn_lstm|45|10|true|true|True|select_k_best_f_classif|10|sequential|18efe04bc6a2488fac966a342fe5aa1c,sweeps/artifacts/runexp-mode-fs-sets-none-models-advanced_hybrid_1dcnn_ls-ws-8-ord-sequential-ik-45-ok-10-eq-true-sm-true-ds-auto-fsm-select_k_best_f_classif-fn-10__a69d1227fae1.results.jsonl,2026-03-24T22:13:30+00:00,1,a69d1227fae1e0c7f9fc8163e6d257f1d92d9a8b89f968342ea15f6ff665e206,"{""dataset_run_id"":""18efe04bc6a2488fac966a342fe5aa1c"",""fs_enabled"":true,""fs_method"":""select_k_best_f_classif"",""model"":""advanced_hybrid_1dcnn_lstm"",""n_features"":10,""window_seconds"":8}",advanced_hybrid_1dcnn_lstm,True,select_k_best_f_classif,10,sequential,18efe04bc6a2488fac966a342fe5aa1c,8,45,10,true,true,feature_selection_mean_pairwise_jaccard,0.42878417657306267
advanced_hybrid_1dcnn_lstm|50|10|true|true|True|select_k_best_f_classif|10|sequential|18efe04bc6a2488fac966a342fe5aa1c,sweeps/artifacts/runexp-mode-fs-sets-none-models-advanced_hybrid_1dcnn_ls-ws-8-ord-sequential-ik-50-ok-10-eq-true-sm-true-ds-auto-fsm-select_k_best_f_classif-fn-10__d39fe9cf39b4.results.jsonl,2026-03-24T22:14:38+00:00,1,d39fe9cf39b4545c4087ae9b2a5cb2023aec800c8b2c58839ca91810f4884748,"{""dataset_run_id"":""18efe04bc6a2488fac966a342fe5aa1c"",""fs_enabled"":true,""fs_method"":""select_k_best_f_classif"",""model"":""advanced_hybrid_1dcnn_lstm"",""n_features"":10,""window_seconds"":8}",advanced_hybrid_1dcnn_lstm,True,select_k_best_f_classif,10,sequential,18efe04bc6a2488fac966a342fe5aa1c,8,50,10,true,true,feature_selection_mean_pairwise_jaccard,0.44747289571968724
advanced_hybrid_1dcnn_lstm|55|10|true|true|True|select_k_best_f_classif|10|sequential|18efe04bc6a2488fac966a342fe5aa1c,sweeps/artifacts/runexp-mode-fs-sets-none-models-advanced_hybrid_1dcnn_ls-ws-8-ord-sequential-ik-55-ok-10-eq-true-sm-true-ds-auto-fsm-select_k_best_f_classif-fn-10__3937fd857d1a.results.jsonl,2026-03-24T22:15:46+00:00,1,3937fd857d1a101116a136531701150f061958bc69a8cb41608ae23a8f2e4fff,"{""dataset_run_id"":""18efe04bc6a2488fac966a342fe5aa1c"",""fs_enabled"":true,""fs_method"":""select_k_best_f_classif"",""model"":""advanced_hybrid_1dcnn_lstm"",""n_features"":10,""window_seconds"":8}",advanced_hybrid_1dcnn_lstm,True,select_k_best_f_classif,10,sequential,18efe04bc6a2488fac966a342fe5aa1c,8,55,10,true,true,feature_selection_mean_pairwise_jaccard,0.46157385823429803
advanced_hybrid_1dcnn_lstm|60|10|true|true|True|select_k_best_f_classif|10|sequential|18efe04bc6a2488fac966a342fe5aa1c,sweeps/artifacts/runexp-mode-fs-sets-none-models-advanced_hybrid_1dcnn_ls-ws-8-ord-sequential-ik-60-ok-10-eq-true-sm-true-ds-auto-fsm-select_k_best_f_classif-fn-10__5cfa640fab72.results.jsonl,2026-03-24T22:16:53+00:00,1,5cfa640fab729d21f6439ef2df50b491b4b63dbb392d097da4b6ec2e18a9fd00,"{""dataset_run_id"":""18efe04bc6a2488fac966a342fe5aa1c"",""fs_enabled"":true,""fs_method"":""select_k_best_f_classif"",""model"":""advanced_hybrid_1dcnn_lstm"",""n_features"":10,""window_seconds"":8}",advanced_hybrid_1dcnn_lstm,True,select_k_best_f_classif,10,sequential,18efe04bc6a2488fac966a342fe5aa1c,8,60,10,true,true,feature_selection_mean_pairwise_jaccard,0.47942449642416196
advanced_hybrid_1dcnn_lstm|65|10|true|true|True|select_k_best_f_classif|10|sequential|18efe04bc6a2488fac966a342fe5aa1c,sweeps/artifacts/runexp-mode-fs-sets-none-models-advanced_hybrid_1dcnn_ls-ws-8-ord-sequential-ik-65-ok-10-eq-true-sm-true-ds-auto-fsm-select_k_best_f_classif-fn-10__59d8cfe7c454.results.jsonl,2026-03-24T22:18:00+00:00,1,59d8cfe7c454b7595684c3d6ea68485f773b9929001cb3619393942b73144232,"{""dataset_run_id"":""18efe04bc6a2488fac966a342fe5aa1c"",""fs_enabled"":true,""fs_method"":""select_k_best_f_classif"",""model"":""advanced_hybrid_1dcnn_lstm"",""n_features"":10,""window_seconds"":8}",advanced_hybrid_1dcnn_lstm,True,select_k_best_f_classif,10,sequential,18efe04bc6a2488fac966a342fe5aa1c,8,65,10,true,true,feature_selection_mean_pairwise_jaccard,0.494101178380773
advanced_hybrid_1dcnn_lstm|70|10|true|true|True|select_k_best_f_classif|10|sequential|18efe04bc6a2488fac966a342fe5aa1c,sweeps/artifacts/runexp-mode-fs-sets-none-models-advanced_hybrid_1dcnn_ls-ws-8-ord-sequential-ik-70-ok-10-eq-true-sm-true-ds-auto-fsm-select_k_best_f_classif-fn-10__8d6057b26bae.results.jsonl,2026-03-24T22:19:13+00:00,1,8d6057b26bae25e2a85836e78f7dfb2bd65e7c023b9abc1ac950637e0724e8c7,"{""dataset_run_id"":""18efe04bc6a2488fac966a342fe5aa1c"",""fs_enabled"":true,""fs_method"":""select_k_best_f_classif"",""model"":""advanced_hybrid_1dcnn_lstm"",""n_features"":10,""window_seconds"":8}",advanced_hybrid_1dcnn_lstm,True,select_k_best_f_classif,10,sequential,18efe04bc6a2488fac966a342fe5aa1c,8,70,10,true,true,feature_selection_mean_pairwise_jaccard,0.5136277674612958
advanced_hybrid_1dcnn_lstm|1|10|true|true|True|select_k_best_f_classif|10|sequential|adcf4893301847cc8045d03d26b3d0e7,sweeps/artifacts/runexp-mode-fs-sets-none-models-advanced_hybrid_1dcnn_ls-ws-10-ord-sequential-ik-1-ok-10-eq-true-sm-true-ds-auto-fsm-select_k_best_f_classif-fn-10__bdf07e0d4580.results.jsonl,2026-03-24T21:18:11+00:00,1,bdf07e0d4580c44d25f064ed293d30487424d092cc167e92ab9610b3bc9e063b,"{""dataset_run_id"":""adcf4893301847cc8045d03d26b3d0e7"",""fs_enabled"":true,""fs_method"":""select_k_best_f_classif"",""model"":""advanced_hybrid_1dcnn_lstm"",""n_features"":10,""window_seconds"":10}",advanced_hybrid_1dcnn_lstm,True,select_k_best_f_classif,10,sequential,adcf4893301847cc8045d03d26b3d0e7,10,1,10,true,true,feature_selection_mean_pairwise_jaccard,0.18095238095238095
advanced_hybrid_1dcnn_lstm|5|10|true|true|True|select_k_best_f_classif|10|sequential|adcf4893301847cc8045d03d26b3d0e7,sweeps/artifacts/runexp-mode-fs-sets-none-models-advanced_hybrid_1dcnn_ls-ws-10-ord-sequential-ik-5-ok-10-eq-true-sm-true-ds-auto-fsm-select_k_best_f_classif-fn-10__46e69fb0e7b0.results.jsonl,2026-03-24T21:18:58+00:00,1,46e69fb0e7b0b7461c2bd07a6d163613876b7c25772be0f36ac0104b66624cbb,"{""dataset_run_id"":""adcf4893301847cc8045d03d26b3d0e7"",""fs_enabled"":true,""fs_method"":""select_k_best_f_classif"",""model"":""advanced_hybrid_1dcnn_lstm"",""n_features"":10,""window_seconds"":10}",advanced_hybrid_1dcnn_lstm,True,select_k_best_f_classif,10,sequential,adcf4893301847cc8045d03d26b3d0e7,10,5,10,true,true,feature_selection_mean_pairwise_jaccard,0.2553476946334089
advanced_hybrid_1dcnn_lstm|10|10|true|true|True|select_k_best_f_classif|10|sequential|adcf4893301847cc8045d03d26b3d0e7,sweeps/artifacts/runexp-mode-fs-sets-none-models-advanced_hybrid_1dcnn_ls-ws-10-ord-sequential-ik-10-ok-10-eq-true-sm-true-ds-auto-fsm-select_k_best_f_classif-fn-10__5c374ec64561.results.jsonl,2026-03-24T21:19:53+00:00,1,5c374ec64561b3fdc290f6e4d4096c0f8619fc5cd197a7ef0086e2f376b5588e,"{""dataset_run_id"":""adcf4893301847cc8045d03d26b3d0e7"",""fs_enabled"":true,""fs_method"":""select_k_best_f_classif"",""model"":""advanced_hybrid_1dcnn_lstm"",""n_features"":10,""window_seconds"":10}",advanced_hybrid_1dcnn_lstm,True,select_k_best_f_classif,10,sequential,adcf4893301847cc8045d03d26b3d0e7,10,10,10,true,true,feature_selection_mean_pairwise_jaccard,0.24523337450139748
advanced_hybrid_1dcnn_lstm|15|10|true|true|True|select_k_best_f_classif|10|sequential|adcf4893301847cc8045d03d26b3d0e7,sweeps/artifacts/runexp-mode-fs-sets-none-models-advanced_hybrid_1dcnn_ls-ws-10-ord-sequential-ik-15-ok-10-eq-true-sm-true-ds-auto-fsm-select_k_best_f_classif-fn-10__f774f2a57771.results.jsonl,2026-03-24T21:20:56+00:00,1,f774f2a577711c76869aba1eb144630a65b74066775b8d228dbade2bb97d0c02,"{""dataset_run_id"":""adcf4893301847cc8045d03d26b3d0e7"",""fs_enabled"":true,""fs_method"":""select_k_best_f_classif"",""model"":""advanced_hybrid_1dcnn_lstm"",""n_features"":10,""window_seconds"":10}",advanced_hybrid_1dcnn_lstm,True,select_k_best_f_classif,10,sequential,adcf4893301847cc8045d03d26b3d0e7,10,15,10,true,true,feature_selection_mean_pairwise_jaccard,0.2545518372675559
advanced_hybrid_1dcnn_lstm|20|10|true|true|True|select_k_best_f_classif|10|sequential|adcf4893301847cc8045d03d26b3d0e7,sweeps/artifacts/runexp-mode-fs-sets-none-models-advanced_hybrid_1dcnn_ls-ws-10-ord-sequential-ik-20-ok-10-eq-true-sm-true-ds-auto-fsm-select_k_best_f_classif-fn-10__7d777306d00c.results.jsonl,2026-03-24T21:21:54+00:00,1,7d777306d00c4ce24d23e7894361d69043d0b2a064dde2c74220d6b28e7a1910,"{""dataset_run_id"":""adcf4893301847cc8045d03d26b3d0e7"",""fs_enabled"":true,""fs_method"":""select_k_best_f_classif"",""model"":""advanced_hybrid_1dcnn_lstm"",""n_features"":10,""window_seconds"":10}",advanced_hybrid_1dcnn_lstm,True,select_k_best_f_classif,10,sequential,adcf4893301847cc8045d03d26b3d0e7,10,20,10,true,true,feature_selection_mean_pairwise_jaccard,0.28262994953762277
advanced_hybrid_1dcnn_lstm|25|10|true|true|True|select_k_best_f_classif|10|sequential|adcf4893301847cc8045d03d26b3d0e7,sweeps/artifacts/runexp-mode-fs-sets-none-models-advanced_hybrid_1dcnn_ls-ws-10-ord-sequential-ik-25-ok-10-eq-true-sm-true-ds-auto-fsm-select_k_best_f_classif-fn-10__9ec0de909c88.results.jsonl,2026-03-24T21:22:53+00:00,1,9ec0de909c88ea83b914342ca70b96670754dc7ce4fbf86bce6c7e77d9ab0c67,"{""dataset_run_id"":""adcf4893301847cc8045d03d26b3d0e7"",""fs_enabled"":true,""fs_method"":""select_k_best_f_classif"",""model"":""advanced_hybrid_1dcnn_lstm"",""n_features"":10,""window_seconds"":10}",advanced_hybrid_1dcnn_lstm,True,select_k_best_f_classif,10,sequential,adcf4893301847cc8045d03d26b3d0e7,10,25,10,true,true,feature_selection_mean_pairwise_jaccard,0.33390335870341775
advanced_hybrid_1dcnn_lstm|30|10|true|true|True|select_k_best_f_classif|10|sequential|adcf4893301847cc8045d03d26b3d0e7,sweeps/artifacts/runexp-mode-fs-sets-none-models-advanced_hybrid_1dcnn_ls-ws-10-ord-sequential-ik-30-ok-10-eq-true-sm-true-ds-auto-fsm-select_k_best_f_classif-fn-10__47bb55ed5a70.results.jsonl,2026-03-24T21:23:51+00:00,1,47bb55ed5a70311a5b04453ed99e8ffd15ea2cfd6b220385dc08811ffc625c80,"{""dataset_run_id"":""adcf4893301847cc8045d03d26b3d0e7"",""fs_enabled"":true,""fs_method"":""select_k_best_f_classif"",""model"":""advanced_hybrid_1dcnn_lstm"",""n_features"":10,""window_seconds"":10}",advanced_hybrid_1dcnn_lstm,True,select_k_best_f_classif,10,sequential,adcf4893301847cc8045d03d26b3d0e7,10,30,10,true,true,feature_selection_mean_pairwise_jaccard,0.37485433890570685
advanced_hybrid_1dcnn_lstm|35|10|true|true|True|select_k_best_f_classif|10|sequential|adcf4893301847cc8045d03d26b3d0e7,sweeps/artifacts/runexp-mode-fs-sets-none-models-advanced_hybrid_1dcnn_ls-ws-10-ord-sequential-ik-35-ok-10-eq-true-sm-true-ds-auto-fsm-select_k_best_f_classif-fn-10__27255a8d32a3.results.jsonl,2026-03-24T21:24:55+00:00,1,27255a8d32a3f5670f63006ebed9d7dd592a096c47a26e0b85fd33480fc8be8f,"{""dataset_run_id"":""adcf4893301847cc8045d03d26b3d0e7"",""fs_enabled"":true,""fs_method"":""select_k_best_f_classif"",""model"":""advanced_hybrid_1dcnn_lstm"",""n_features"":10,""window_seconds"":10}",advanced_hybrid_1dcnn_lstm,True,select_k_best_f_classif,10,sequential,adcf4893301847cc8045d03d26b3d0e7,10,35,10,true,true,feature_selection_mean_pairwise_jaccard,0.39460977769165945
advanced_hybrid_1dcnn_lstm|40|10|true|true|True|select_k_best_f_classif|10|sequential|adcf4893301847cc8045d03d26b3d0e7,sweeps/artifacts/runexp-mode-fs-sets-none-models-advanced_hybrid_1dcnn_ls-ws-10-ord-sequential-ik-40-ok-10-eq-true-sm-true-ds-auto-fsm-select_k_best_f_classif-fn-10__89b5a61b119b.results.jsonl,2026-03-24T21:25:59+00:00,1,89b5a61b119b2a7abadd14666149f497a4de445da4bacf96c87748a67e086074,"{""dataset_run_id"":""adcf4893301847cc8045d03d26b3d0e7"",""fs_enabled"":true,""fs_method"":""select_k_best_f_classif"",""model"":""advanced_hybrid_1dcnn_lstm"",""n_features"":10,""window_seconds"":10}",advanced_hybrid_1dcnn_lstm,True,select_k_best_f_classif,10,sequential,adcf4893301847cc8045d03d26b3d0e7,10,40,10,true,true,feature_selection_mean_pairwise_jaccard,0.42471339353118637
advanced_hybrid_1dcnn_lstm|45|10|true|true|True|select_k_best_f_classif|10|sequential|adcf4893301847cc8045d03d26b3d0e7,sweeps/artifacts/runexp-mode-fs-sets-none-models-advanced_hybrid_1dcnn_ls-ws-10-ord-sequential-ik-45-ok-10-eq-true-sm-true-ds-auto-fsm-select_k_best_f_classif-fn-10__b879cfbeebb2.results.jsonl,2026-03-24T22:20:41+00:00,1,b879cfbeebb2505858c75c3467e92ca94deb9f91fd030d00db5b5d89ed5ff9c7,"{""dataset_run_id"":""adcf4893301847cc8045d03d26b3d0e7"",""fs_enabled"":true,""fs_method"":""select_k_best_f_classif"",""model"":""advanced_hybrid_1dcnn_lstm"",""n_features"":10,""window_seconds"":10}",advanced_hybrid_1dcnn_lstm,True,select_k_best_f_classif,10,sequential,adcf4893301847cc8045d03d26b3d0e7,10,45,10,true,true,feature_selection_mean_pairwise_jaccard,0.43861932215007227
advanced_hybrid_1dcnn_lstm|50|10|true|true|True|select_k_best_f_classif|10|sequential|adcf4893301847cc8045d03d26b3d0e7,sweeps/artifacts/runexp-mode-fs-sets-none-models-advanced_hybrid_1dcnn_ls-ws-10-ord-sequential-ik-50-ok-10-eq-true-sm-true-ds-auto-fsm-select_k_best_f_classif-fn-10__bd01709ed221.results.jsonl,2026-03-24T22:21:47+00:00,1,bd01709ed2219eb66a64dd0fd5116ffd7a311e6a85c37cd102412274ef729934,"{""dataset_run_id"":""adcf4893301847cc8045d03d26b3d0e7"",""fs_enabled"":true,""fs_method"":""select_k_best_f_classif"",""model"":""advanced_hybrid_1dcnn_lstm"",""n_features"":10,""window_seconds"":10}",advanced_hybrid_1dcnn_lstm,True,select_k_best_f_classif,10,sequential,adcf4893301847cc8045d03d26b3d0e7,10,50,10,true,true,feature_selection_mean_pairwise_jaccard,0.45716661701183314
advanced_hybrid_1dcnn_lstm|55|10|true|true|True|select_k_best_f_classif|10|sequential|adcf4893301847cc8045d03d26b3d0e7,sweeps/artifacts/runexp-mode-fs-sets-none-models-advanced_hybrid_1dcnn_ls-ws-10-ord-sequential-ik-55-ok-10-eq-true-sm-true-ds-auto-fsm-select_k_best_f_classif-fn-10__00b89bc8684b.results.jsonl,2026-03-24T22:22:56+00:00,1,00b89bc8684b3265c14a81291555a4ca1a73d6fa85fda7df17d3b0e220b838d8,"{""dataset_run_id"":""adcf4893301847cc8045d03d26b3d0e7"",""fs_enabled"":true,""fs_method"":""select_k_best_f_classif"",""model"":""advanced_hybrid_1dcnn_lstm"",""n_features"":10,""window_seconds"":10}",advanced_hybrid_1dcnn_lstm,True,select_k_best_f_classif,10,sequential,adcf4893301847cc8045d03d26b3d0e7,10,55,10,true,true,feature_selection_mean_pairwise_jaccard,0.46675030604860396
advanced_hybrid_1dcnn_lstm|60|10|true|true|True|select_k_best_f_classif|10|sequential|adcf4893301847cc8045d03d26b3d0e7,sweeps/artifacts/runexp-mode-fs-sets-none-models-advanced_hybrid_1dcnn_ls-ws-10-ord-sequential-ik-60-ok-10-eq-true-sm-true-ds-auto-fsm-select_k_best_f_classif-fn-10__4366c0e7e0d1.results.jsonl,2026-03-24T22:24:05+00:00,1,4366c0e7e0d1e6241e427207d190383d2cd6ac1b305ca2923b0a14af57f478ea,"{""dataset_run_id"":""adcf4893301847cc8045d03d26b3d0e7"",""fs_enabled"":true,""fs_method"":""select_k_best_f_classif"",""model"":""advanced_hybrid_1dcnn_lstm"",""n_features"":10,""window_seconds"":10}",advanced_hybrid_1dcnn_lstm,True,select_k_best_f_classif,10,sequential,adcf4893301847cc8045d03d26b3d0e7,10,60,10,true,true,feature_selection_mean_pairwise_jaccard,0.485363462577908
advanced_hybrid_1dcnn_lstm|65|10|true|true|True|select_k_best_f_classif|10|sequential|adcf4893301847cc8045d03d26b3d0e7,sweeps/artifacts/runexp-mode-fs-sets-none-models-advanced_hybrid_1dcnn_ls-ws-10-ord-sequential-ik-65-ok-10-eq-true-sm-true-ds-auto-fsm-select_k_best_f_classif-fn-10__a7ec0a278e2e.results.jsonl,2026-03-24T22:25:12+00:00,1,a7ec0a278e2ed1663f2f3475142d9bdbcb7362db0dbf7d8af72ab95424dc335c,"{""dataset_run_id"":""adcf4893301847cc8045d03d26b3d0e7"",""fs_enabled"":true,""fs_method"":""select_k_best_f_classif"",""model"":""advanced_hybrid_1dcnn_lstm"",""n_features"":10,""window_seconds"":10}",advanced_hybrid_1dcnn_lstm,True,select_k_best_f_classif,10,sequential,adcf4893301847cc8045d03d26b3d0e7,10,65,10,true,true,feature_selection_mean_pairwise_jaccard,0.49874949198230856
advanced_hybrid_1dcnn_lstm|70|10|true|true|True|select_k_best_f_classif|10|sequential|adcf4893301847cc8045d03d26b3d0e7,sweeps/artifacts/runexp-mode-fs-sets-none-models-advanced_hybrid_1dcnn_ls-ws-10-ord-sequential-ik-70-ok-10-eq-true-sm-true-ds-auto-fsm-select_k_best_f_classif-fn-10__9e8b9307540c.results.jsonl,2026-03-24T22:26:22+00:00,1,9e8b9307540cafdb98e5f41ec8531609ca0fe7e5c9e8feaa6e6cf1d738beab0b,"{""dataset_run_id"":""adcf4893301847cc8045d03d26b3d0e7"",""fs_enabled"":true,""fs_method"":""select_k_best_f_classif"",""model"":""advanced_hybrid_1dcnn_lstm"",""n_features"":10,""window_seconds"":10}",advanced_hybrid_1dcnn_lstm,True,select_k_best_f_classif,10,sequential,adcf4893301847cc8045d03d26b3d0e7,10,70,10,true,true,feature_selection_mean_pairwise_jaccard,0.5196813177681397
svm_linear|1|10|true|true|True|select_k_best_f_classif|10|sequential|9709895809ac45abb5c87d6696ce56d4,sweeps/artifacts/runexp-mode-fs-sets-none-models-svm_linear-ws-2-ord-sequential-ik-1-ok-10-eq-true-sm-true-ds-auto-fsm-select_k_best_f_classif-fn-10__0696a3c3f131.results.jsonl,2026-03-24T19:04:32+00:00,1,0696a3c3f131935a7cd86a495e5b90934da5fb6924634f472dbb6b8a12955e79,"{""dataset_run_id"":""9709895809ac45abb5c87d6696ce56d4"",""fs_enabled"":true,""fs_method"":""select_k_best_f_classif"",""model"":""svm_linear"",""n_features"":10,""window_seconds"":2}",svm_linear,True,select_k_best_f_classif,10,sequential,9709895809ac45abb5c87d6696ce56d4,2,1,10,true,true,feature_selection_mean_pairwise_jaccard,0.4
svm_linear|5|10|true|true|True|select_k_best_f_classif|10|sequential|9709895809ac45abb5c87d6696ce56d4,sweeps/artifacts/runexp-mode-fs-sets-none-models-svm_linear-ws-2-ord-sequential-ik-5-ok-10-eq-true-sm-true-ds-auto-fsm-select_k_best_f_classif-fn-10__980f1ff6c0cb.results.jsonl,2026-03-24T19:05:01+00:00,1,980f1ff6c0cbb4e5845c39e3ec3f322effea8ce8f03e78229afa44d30c0e1ea8,"{""dataset_run_id"":""9709895809ac45abb5c87d6696ce56d4"",""fs_enabled"":true,""fs_method"":""select_k_best_f_classif"",""model"":""svm_linear"",""n_features"":10,""window_seconds"":2}",svm_linear,True,select_k_best_f_classif,10,sequential,9709895809ac45abb5c87d6696ce56d4,2,5,10,true,true,feature_selection_mean_pairwise_jaccard,0.23660241874527588
svm_linear|10|10|true|true|True|select_k_best_f_classif|10|sequential|9709895809ac45abb5c87d6696ce56d4,sweeps/artifacts/runexp-mode-fs-sets-none-models-svm_linear-ws-2-ord-sequential-ik-10-ok-10-eq-true-sm-true-ds-auto-fsm-select_k_best_f_classif-fn-10__87da0eb34b78.results.jsonl,2026-03-24T19:05:30+00:00,1,87da0eb34b782ad5ba36a9bce765601a23ac645dd17397b48eb16c236da5565e,"{""dataset_run_id"":""9709895809ac45abb5c87d6696ce56d4"",""fs_enabled"":true,""fs_method"":""select_k_best_f_classif"",""model"":""svm_linear"",""n_features"":10,""window_seconds"":2}",svm_linear,True,select_k_best_f_classif,10,sequential,9709895809ac45abb5c87d6696ce56d4,2,10,10,true,true,feature_selection_mean_pairwise_jaccard,0.21431220261383904
svm_linear|15|10|true|true|True|select_k_best_f_classif|10|sequential|9709895809ac45abb5c87d6696ce56d4,sweeps/artifacts/runexp-mode-fs-sets-none-models-svm_linear-ws-2-ord-sequential-ik-15-ok-10-eq-true-sm-true-ds-auto-fsm-select_k_best_f_classif-fn-10__7cc2e86a3e2f.results.jsonl,2026-03-24T19:06:02+00:00,1,7cc2e86a3e2fa476020a239438d6c449a59241be78274e37963cf365c265c477,"{""dataset_run_id"":""9709895809ac45abb5c87d6696ce56d4"",""fs_enabled"":true,""fs_method"":""select_k_best_f_classif"",""model"":""svm_linear"",""n_features"":10,""window_seconds"":2}",svm_linear,True,select_k_best_f_classif,10,sequential,9709895809ac45abb5c87d6696ce56d4,2,15,10,true,true,feature_selection_mean_pairwise_jaccard,0.26091032038423007
svm_linear|20|10|true|true|True|select_k_best_f_classif|10|sequential|9709895809ac45abb5c87d6696ce56d4,sweeps/artifacts/runexp-mode-fs-sets-none-models-svm_linear-ws-2-ord-sequential-ik-20-ok-10-eq-true-sm-true-ds-auto-fsm-select_k_best_f_classif-fn-10__8361bc38ae06.results.jsonl,2026-03-24T19:06:34+00:00,1,8361bc38ae06915e7547c952367eea6099889054579a10831281015d3b317d8e,"{""dataset_run_id"":""9709895809ac45abb5c87d6696ce56d4"",""fs_enabled"":true,""fs_method"":""select_k_best_f_classif"",""model"":""svm_linear"",""n_features"":10,""window_seconds"":2}",svm_linear,True,select_k_best_f_classif,10,sequential,9709895809ac45abb5c87d6696ce56d4,2,20,10,true,true,feature_selection_mean_pairwise_jaccard,0.3260252256196688
svm_linear|25|10|true|true|True|select_k_best_f_classif|10|sequential|9709895809ac45abb5c87d6696ce56d4,sweeps/artifacts/runexp-mode-fs-sets-none-models-svm_linear-ws-2-ord-sequential-ik-25-ok-10-eq-true-sm-true-ds-auto-fsm-select_k_best_f_classif-fn-10__40b547209fe9.results.jsonl,2026-03-24T19:07:07+00:00,1,40b547209fe906d3836be65ab2341ee922f3bf68cba78c09ab13067634e37297,"{""dataset_run_id"":""9709895809ac45abb5c87d6696ce56d4"",""fs_enabled"":true,""fs_method"":""select_k_best_f_classif"",""model"":""svm_linear"",""n_features"":10,""window_seconds"":2}",svm_linear,True,select_k_best_f_classif,10,sequential,9709895809ac45abb5c87d6696ce56d4,2,25,10,true,true,feature_selection_mean_pairwise_jaccard,0.3533876425049364
svm_linear|30|10|true|true|True|select_k_best_f_classif|10|sequential|9709895809ac45abb5c87d6696ce56d4,sweeps/artifacts/runexp-mode-fs-sets-none-models-svm_linear-ws-2-ord-sequential-ik-30-ok-10-eq-true-sm-true-ds-auto-fsm-select_k_best_f_classif-fn-10__80365cb56428.results.jsonl,2026-03-24T19:07:41+00:00,1,80365cb564280acbdc8d340ffdf1306024f84327cb58002cef0bbcccbb60773d,"{""dataset_run_id"":""9709895809ac45abb5c87d6696ce56d4"",""fs_enabled"":true,""fs_method"":""select_k_best_f_classif"",""model"":""svm_linear"",""n_features"":10,""window_seconds"":2}",svm_linear,True,select_k_best_f_classif,10,sequential,9709895809ac45abb5c87d6696ce56d4,2,30,10,true,true,feature_selection_mean_pairwise_jaccard,0.36264941618392404
svm_linear|35|10|true|true|True|select_k_best_f_classif|10|sequential|9709895809ac45abb5c87d6696ce56d4,sweeps/artifacts/runexp-mode-fs-sets-none-models-svm_linear-ws-2-ord-sequential-ik-35-ok-10-eq-true-sm-true-ds-auto-fsm-select_k_best_f_classif-fn-10__8c68fec4a26d.results.jsonl,2026-03-24T19:08:18+00:00,1,8c68fec4a26d42cb194d010c3219b8f31739addf11a7bd05db9a6c92bce89929,"{""dataset_run_id"":""9709895809ac45abb5c87d6696ce56d4"",""fs_enabled"":true,""fs_method"":""select_k_best_f_classif"",""model"":""svm_linear"",""n_features"":10,""window_seconds"":2}",svm_linear,True,select_k_best_f_classif,10,sequential,9709895809ac45abb5c87d6696ce56d4,2,35,10,true,true,feature_selection_mean_pairwise_jaccard,0.3809471648292542
svm_linear|40|10|true|true|True|select_k_best_f_classif|10|sequential|9709895809ac45abb5c87d6696ce56d4,sweeps/artifacts/runexp-mode-fs-sets-none-models-svm_linear-ws-2-ord-sequential-ik-40-ok-10-eq-true-sm-true-ds-auto-fsm-select_k_best_f_classif-fn-10__a929272fd941.results.jsonl,2026-03-24T19:08:56+00:00,1,a929272fd941fec9eb57b400c3f265fc05c7c68c6b4f08cf103a5dd7eee6b676,"{""dataset_run_id"":""9709895809ac45abb5c87d6696ce56d4"",""fs_enabled"":true,""fs_method"":""select_k_best_f_classif"",""model"":""svm_linear"",""n_features"":10,""window_seconds"":2}",svm_linear,True,select_k_best_f_classif,10,sequential,9709895809ac45abb5c87d6696ce56d4,2,40,10,true,true,feature_selection_mean_pairwise_jaccard,0.3952091295881725
svm_linear|45|10|true|true|True|select_k_best_f_classif|10|sequential|9709895809ac45abb5c87d6696ce56d4,sweeps/artifacts/runexp-mode-fs-sets-none-models-svm_linear-ws-2-ord-sequential-ik-45-ok-10-eq-true-sm-true-ds-auto-fsm-select_k_best_f_classif-fn-10__54ff97d99433.results.jsonl,2026-03-24T21:56:09+00:00,1,54ff97d99433b8f63d9f00926ee6bb4a81ecf6187cdba078be61933095439a99,"{""dataset_run_id"":""9709895809ac45abb5c87d6696ce56d4"",""fs_enabled"":true,""fs_method"":""select_k_best_f_classif"",""model"":""svm_linear"",""n_features"":10,""window_seconds"":2}",svm_linear,True,select_k_best_f_classif,10,sequential,9709895809ac45abb5c87d6696ce56d4,2,45,10,true,true,feature_selection_mean_pairwise_jaccard,0.4066443723689421
svm_linear|50|10|true|true|True|select_k_best_f_classif|10|sequential|9709895809ac45abb5c87d6696ce56d4,sweeps/artifacts/runexp-mode-fs-sets-none-models-svm_linear-ws-2-ord-sequential-ik-50-ok-10-eq-true-sm-true-ds-auto-fsm-select_k_best_f_classif-fn-10__2e842a6a8863.results.jsonl,2026-03-24T21:56:54+00:00,1,2e842a6a8863008ac7f5db13bf997831928369945b50d14fd71c3c3324e9ce12,"{""dataset_run_id"":""9709895809ac45abb5c87d6696ce56d4"",""fs_enabled"":true,""fs_method"":""select_k_best_f_classif"",""model"":""svm_linear"",""n_features"":10,""window_seconds"":2}",svm_linear,True,select_k_best_f_classif,10,sequential,9709895809ac45abb5c87d6696ce56d4,2,50,10,true,true,feature_selection_mean_pairwise_jaccard,0.4210290434431495
svm_linear|55|10|true|true|True|select_k_best_f_classif|10|sequential|9709895809ac45abb5c87d6696ce56d4,sweeps/artifacts/runexp-mode-fs-sets-none-models-svm_linear-ws-2-ord-sequential-ik-55-ok-10-eq-true-sm-true-ds-auto-fsm-select_k_best_f_classif-fn-10__ead01f030d3a.results.jsonl,2026-03-24T21:57:37+00:00,1,ead01f030d3ac5dd03509e3d43eccb0e9a61a962a983eb42d86c6f5afea17196,"{""dataset_run_id"":""9709895809ac45abb5c87d6696ce56d4"",""fs_enabled"":true,""fs_method"":""select_k_best_f_classif"",""model"":""svm_linear"",""n_features"":10,""window_seconds"":2}",svm_linear,True,select_k_best_f_classif,10,sequential,9709895809ac45abb5c87d6696ce56d4,2,55,10,true,true,feature_selection_mean_pairwise_jaccard,0.4423749539335805
svm_linear|60|10|true|true|True|select_k_best_f_classif|10|sequential|9709895809ac45abb5c87d6696ce56d4,sweeps/artifacts/runexp-mode-fs-sets-none-models-svm_linear-ws-2-ord-sequential-ik-60-ok-10-eq-true-sm-true-ds-auto-fsm-select_k_best_f_classif-fn-10__37df0cb03c3f.results.jsonl,2026-03-24T21:58:20+00:00,1,37df0cb03c3fcf015214252164ff8daa1c2f2268006a034f738fd904c101f115,"{""dataset_run_id"":""9709895809ac45abb5c87d6696ce56d4"",""fs_enabled"":true,""fs_method"":""select_k_best_f_classif"",""model"":""svm_linear"",""n_features"":10,""window_seconds"":2}",svm_linear,True,select_k_best_f_classif,10,sequential,9709895809ac45abb5c87d6696ce56d4,2,60,10,true,true,feature_selection_mean_pairwise_jaccard,0.4589978647335601
svm_linear|65|10|true|true|True|select_k_best_f_classif|10|sequential|9709895809ac45abb5c87d6696ce56d4,sweeps/artifacts/runexp-mode-fs-sets-none-models-svm_linear-ws-2-ord-sequential-ik-65-ok-10-eq-true-sm-true-ds-auto-fsm-select_k_best_f_classif-fn-10__8f89974955d1.results.jsonl,2026-03-24T21:59:05+00:00,1,8f89974955d18190830e3509dffb7a26da1f61b2f4be775f79f0e57eba689c67,"{""dataset_run_id"":""9709895809ac45abb5c87d6696ce56d4"",""fs_enabled"":true,""fs_method"":""select_k_best_f_classif"",""model"":""svm_linear"",""n_features"":10,""window_seconds"":2}",svm_linear,True,select_k_best_f_classif,10,sequential,9709895809ac45abb5c87d6696ce56d4,2,65,10,true,true,feature_selection_mean_pairwise_jaccard,0.48049873993357206
svm_linear|70|10|true|true|True|select_k_best_f_classif|10|sequential|9709895809ac45abb5c87d6696ce56d4,sweeps/artifacts/runexp-mode-fs-sets-none-models-svm_linear-ws-2-ord-sequential-ik-70-ok-10-eq-true-sm-true-ds-auto-fsm-select_k_best_f_classif-fn-10__bd7cf47f9cd7.results.jsonl,2026-03-24T21:59:50+00:00,1,bd7cf47f9cd79200c27b2ccf0194edd06896b0ac49ade5932aa2e98fb24f2592,"{""dataset_run_id"":""9709895809ac45abb5c87d6696ce56d4"",""fs_enabled"":true,""fs_method"":""select_k_best_f_classif"",""model"":""svm_linear"",""n_features"":10,""window_seconds"":2}",svm_linear,True,select_k_best_f_classif,10,sequential,9709895809ac45abb5c87d6696ce56d4,2,70,10,true,true,feature_selection_mean_pairwise_jaccard,0.4967176159848093
svm_linear|1|10|true|true|True|select_k_best_f_classif|10|sequential|6fbacde98dc24b6f8fff45c64cb68493,sweeps/artifacts/runexp-mode-fs-sets-none-models-svm_linear-ws-4-ord-sequential-ik-1-ok-10-eq-true-sm-true-ds-auto-fsm-select_k_best_f_classif-fn-10__feb1746c4e67.results.jsonl,2026-03-24T19:09:14+00:00,1,feb1746c4e6704d1d2fca335bf964426c64e3241af9e9ff3d42d14c028f1db3e,"{""dataset_run_id"":""6fbacde98dc24b6f8fff45c64cb68493"",""fs_enabled"":true,""fs_method"":""select_k_best_f_classif"",""model"":""svm_linear"",""n_features"":10,""window_seconds"":4}",svm_linear,True,select_k_best_f_classif,10,sequential,6fbacde98dc24b6f8fff45c64cb68493,4,1,10,true,true,feature_selection_mean_pairwise_jaccard,0.5714285714285714
svm_linear|5|10|true|true|True|select_k_best_f_classif|10|sequential|6fbacde98dc24b6f8fff45c64cb68493,sweeps/artifacts/runexp-mode-fs-sets-none-models-svm_linear-ws-4-ord-sequential-ik-5-ok-10-eq-true-sm-true-ds-auto-fsm-select_k_best_f_classif-fn-10__fca88b17cfe8.results.jsonl,2026-03-24T19:09:32+00:00,1,fca88b17cfe82e0a31e08c69fb710ed3eb1b1b2d4528773a1e4afee9a4b92ed1,"{""dataset_run_id"":""6fbacde98dc24b6f8fff45c64cb68493"",""fs_enabled"":true,""fs_method"":""select_k_best_f_classif"",""model"":""svm_linear"",""n_features"":10,""window_seconds"":4}",svm_linear,True,select_k_best_f_classif,10,sequential,6fbacde98dc24b6f8fff45c64cb68493,4,5,10,true,true,feature_selection_mean_pairwise_jaccard,0.250604686318972
svm_linear|10|10|true|true|True|select_k_best_f_classif|10|sequential|6fbacde98dc24b6f8fff45c64cb68493,sweeps/artifacts/runexp-mode-fs-sets-none-models-svm_linear-ws-4-ord-sequential-ik-10-ok-10-eq-true-sm-true-ds-auto-fsm-select_k_best_f_classif-fn-10__5bd3ed973edc.results.jsonl,2026-03-24T19:09:51+00:00,1,5bd3ed973edc93bc2275569cc6e4726894654c45222bc91abdd87b7401172409,"{""dataset_run_id"":""6fbacde98dc24b6f8fff45c64cb68493"",""fs_enabled"":true,""fs_method"":""select_k_best_f_classif"",""model"":""svm_linear"",""n_features"":10,""window_seconds"":4}",svm_linear,True,select_k_best_f_classif,10,sequential,6fbacde98dc24b6f8fff45c64cb68493,4,10,10,true,true,feature_selection_mean_pairwise_jaccard,0.2175238471456959
svm_linear|15|10|true|true|True|select_k_best_f_classif|10|sequential|6fbacde98dc24b6f8fff45c64cb68493,sweeps/artifacts/runexp-mode-fs-sets-none-models-svm_linear-ws-4-ord-sequential-ik-15-ok-10-eq-true-sm-true-ds-auto-fsm-select_k_best_f_classif-fn-10__4c6a3d32a59f.results.jsonl,2026-03-24T19:10:10+00:00,1,4c6a3d32a59f627853bbb8a8f1c9ab00578a6d3663b7d3774ddc1d5d8e13f723,"{""dataset_run_id"":""6fbacde98dc24b6f8fff45c64cb68493"",""fs_enabled"":true,""fs_method"":""select_k_best_f_classif"",""model"":""svm_linear"",""n_features"":10,""window_seconds"":4}",svm_linear,True,select_k_best_f_classif,10,sequential,6fbacde98dc24b6f8fff45c64cb68493,4,15,10,true,true,feature_selection_mean_pairwise_jaccard,0.2497416093567642
svm_linear|20|10|true|true|True|select_k_best_f_classif|10|sequential|6fbacde98dc24b6f8fff45c64cb68493,sweeps/artifacts/runexp-mode-fs-sets-none-models-svm_linear-ws-4-ord-sequential-ik-20-ok-10-eq-true-sm-true-ds-auto-fsm-select_k_best_f_classif-fn-10__5db11783bb24.results.jsonl,2026-03-24T19:10:31+00:00,1,5db11783bb240269cfc19a24a798a6118955c24ea9bdc0a5cb3a880e81f5b9ed,"{""dataset_run_id"":""6fbacde98dc24b6f8fff45c64cb68493"",""fs_enabled"":true,""fs_method"":""select_k_best_f_classif"",""model"":""svm_linear"",""n_features"":10,""window_seconds"":4}",svm_linear,True,select_k_best_f_classif,10,sequential,6fbacde98dc24b6f8fff45c64cb68493,4,20,10,true,true,feature_selection_mean_pairwise_jaccard,0.29771354769571917
svm_linear|25|10|true|true|True|select_k_best_f_classif|10|sequential|6fbacde98dc24b6f8fff45c64cb68493,sweeps/artifacts/runexp-mode-fs-sets-none-models-svm_linear-ws-4-ord-sequential-ik-25-ok-10-eq-true-sm-true-ds-auto-fsm-select_k_best_f_classif-fn-10__cadd679f0606.results.jsonl,2026-03-24T19:10:53+00:00,1,cadd679f0606f09061cbcfc24da9482ef322ab22af5ce3ce30bfb9a4e8140a7e,"{""dataset_run_id"":""6fbacde98dc24b6f8fff45c64cb68493"",""fs_enabled"":true,""fs_method"":""select_k_best_f_classif"",""model"":""svm_linear"",""n_features"":10,""window_seconds"":4}",svm_linear,True,select_k_best_f_classif,10,sequential,6fbacde98dc24b6f8fff45c64cb68493,4,25,10,true,true,feature_selection_mean_pairwise_jaccard,0.3362779435731236
svm_linear|30|10|true|true|True|select_k_best_f_classif|10|sequential|6fbacde98dc24b6f8fff45c64cb68493,sweeps/artifacts/runexp-mode-fs-sets-none-models-svm_linear-ws-4-ord-sequential-ik-30-ok-10-eq-true-sm-true-ds-auto-fsm-select_k_best_f_classif-fn-10__05c72929752a.results.jsonl,2026-03-24T19:11:18+00:00,1,05c72929752a44dd21363684c96e241e04242e759fdf6390f5319f6ca2dcc17d,"{""dataset_run_id"":""6fbacde98dc24b6f8fff45c64cb68493"",""fs_enabled"":true,""fs_method"":""select_k_best_f_classif"",""model"":""svm_linear"",""n_features"":10,""window_seconds"":4}",svm_linear,True,select_k_best_f_classif,10,sequential,6fbacde98dc24b6f8fff45c64cb68493,4,30,10,true,true,feature_selection_mean_pairwise_jaccard,0.35276827681679523
svm_linear|35|10|true|true|True|select_k_best_f_classif|10|sequential|6fbacde98dc24b6f8fff45c64cb68493,sweeps/artifacts/runexp-mode-fs-sets-none-models-svm_linear-ws-4-ord-sequential-ik-35-ok-10-eq-true-sm-true-ds-auto-fsm-select_k_best_f_classif-fn-10__1eac06cd5d90.results.jsonl,2026-03-24T19:11:44+00:00,1,1eac06cd5d909e9dfff02ed0fca657bbcdce5736454b411e041d9398874ecc9e,"{""dataset_run_id"":""6fbacde98dc24b6f8fff45c64cb68493"",""fs_enabled"":true,""fs_method"":""select_k_best_f_classif"",""model"":""svm_linear"",""n_features"":10,""window_seconds"":4}",svm_linear,True,select_k_best_f_classif,10,sequential,6fbacde98dc24b6f8fff45c64cb68493,4,35,10,true,true,feature_selection_mean_pairwise_jaccard,0.3655872877753907
svm_linear|40|10|true|true|True|select_k_best_f_classif|10|sequential|6fbacde98dc24b6f8fff45c64cb68493,sweeps/artifacts/runexp-mode-fs-sets-none-models-svm_linear-ws-4-ord-sequential-ik-40-ok-10-eq-true-sm-true-ds-auto-fsm-select_k_best_f_classif-fn-10__4f8a19defd0c.results.jsonl,2026-03-24T19:12:11+00:00,1,4f8a19defd0c5039432bf05d3ba55b26a7b229a10f1d2bc36dbbc4c90340d64d,"{""dataset_run_id"":""6fbacde98dc24b6f8fff45c64cb68493"",""fs_enabled"":true,""fs_method"":""select_k_best_f_classif"",""model"":""svm_linear"",""n_features"":10,""window_seconds"":4}",svm_linear,True,select_k_best_f_classif,10,sequential,6fbacde98dc24b6f8fff45c64cb68493,4,40,10,true,true,feature_selection_mean_pairwise_jaccard,0.39223272581674556
svm_linear|45|10|true|true|True|select_k_best_f_classif|10|sequential|6fbacde98dc24b6f8fff45c64cb68493,sweeps/artifacts/runexp-mode-fs-sets-none-models-svm_linear-ws-4-ord-sequential-ik-45-ok-10-eq-true-sm-true-ds-auto-fsm-select_k_best_f_classif-fn-10__f7eea9086840.results.jsonl,2026-03-24T22:00:23+00:00,1,f7eea90868407d60dc26af843e53fa4a676b079dbdc3fb124fa022aea1878c20,"{""dataset_run_id"":""6fbacde98dc24b6f8fff45c64cb68493"",""fs_enabled"":true,""fs_method"":""select_k_best_f_classif"",""model"":""svm_linear"",""n_features"":10,""window_seconds"":4}",svm_linear,True,select_k_best_f_classif,10,sequential,6fbacde98dc24b6f8fff45c64cb68493,4,45,10,true,true,feature_selection_mean_pairwise_jaccard,0.41003853303199705
svm_linear|50|10|true|true|True|select_k_best_f_classif|10|sequential|6fbacde98dc24b6f8fff45c64cb68493,sweeps/artifacts/runexp-mode-fs-sets-none-models-svm_linear-ws-4-ord-sequential-ik-50-ok-10-eq-true-sm-true-ds-auto-fsm-select_k_best_f_classif-fn-10__ce630c238ff8.results.jsonl,2026-03-24T22:00:48+00:00,1,ce630c238ff8316c4a1607fe590c49a3a30e9a787a7760abe15819edc6b88838,"{""dataset_run_id"":""6fbacde98dc24b6f8fff45c64cb68493"",""fs_enabled"":true,""fs_method"":""select_k_best_f_classif"",""model"":""svm_linear"",""n_features"":10,""window_seconds"":4}",svm_linear,True,select_k_best_f_classif,10,sequential,6fbacde98dc24b6f8fff45c64cb68493,4,50,10,true,true,feature_selection_mean_pairwise_jaccard,0.4207710148620018
svm_linear|55|10|true|true|True|select_k_best_f_classif|10|sequential|6fbacde98dc24b6f8fff45c64cb68493,sweeps/artifacts/runexp-mode-fs-sets-none-models-svm_linear-ws-4-ord-sequential-ik-55-ok-10-eq-true-sm-true-ds-auto-fsm-select_k_best_f_classif-fn-10__bd946ea0c832.results.jsonl,2026-03-24T22:01:14+00:00,1,bd946ea0c832aac0e14f79c9acd009071440b4f7ab6c33762e9421b761a72207,"{""dataset_run_id"":""6fbacde98dc24b6f8fff45c64cb68493"",""fs_enabled"":true,""fs_method"":""select_k_best_f_classif"",""model"":""svm_linear"",""n_features"":10,""window_seconds"":4}",svm_linear,True,select_k_best_f_classif,10,sequential,6fbacde98dc24b6f8fff45c64cb68493,4,55,10,true,true,feature_selection_mean_pairwise_jaccard,0.4417123613000746
svm_linear|60|10|true|true|True|select_k_best_f_classif|10|sequential|6fbacde98dc24b6f8fff45c64cb68493,sweeps/artifacts/runexp-mode-fs-sets-none-models-svm_linear-ws-4-ord-sequential-ik-60-ok-10-eq-true-sm-true-ds-auto-fsm-select_k_best_f_classif-fn-10__3ae984124d13.results.jsonl,2026-03-24T22:01:42+00:00,1,3ae984124d138426c14db7b344d5ad35afb4f2e117794efafea18dafa213de09,"{""dataset_run_id"":""6fbacde98dc24b6f8fff45c64cb68493"",""fs_enabled"":true,""fs_method"":""select_k_best_f_classif"",""model"":""svm_linear"",""n_features"":10,""window_seconds"":4}",svm_linear,True,select_k_best_f_classif,10,sequential,6fbacde98dc24b6f8fff45c64cb68493,4,60,10,true,true,feature_selection_mean_pairwise_jaccard,0.4636294031677042
svm_linear|65|10|true|true|True|select_k_best_f_classif|10|sequential|6fbacde98dc24b6f8fff45c64cb68493,sweeps/artifacts/runexp-mode-fs-sets-none-models-svm_linear-ws-4-ord-sequential-ik-65-ok-10-eq-true-sm-true-ds-auto-fsm-select_k_best_f_classif-fn-10__9429b029a975.results.jsonl,2026-03-24T22:02:09+00:00,1,9429b029a975fa61b4b1da06821139937fd07b91dead66876f69d125d56a2f5f,"{""dataset_run_id"":""6fbacde98dc24b6f8fff45c64cb68493"",""fs_enabled"":true,""fs_method"":""select_k_best_f_classif"",""model"":""svm_linear"",""n_features"":10,""window_seconds"":4}",svm_linear,True,select_k_best_f_classif,10,sequential,6fbacde98dc24b6f8fff45c64cb68493,4,65,10,true,true,feature_selection_mean_pairwise_jaccard,0.4815954550197247
svm_linear|70|10|true|true|True|select_k_best_f_classif|10|sequential|6fbacde98dc24b6f8fff45c64cb68493,sweeps/artifacts/runexp-mode-fs-sets-none-models-svm_linear-ws-4-ord-sequential-ik-70-ok-10-eq-true-sm-true-ds-auto-fsm-select_k_best_f_classif-fn-10__f7e8699cfed8.results.jsonl,2026-03-24T22:02:36+00:00,1,f7e8699cfed835d6f8c9a9f41b042429c6668ff73747a43350d70d967ae01446,"{""dataset_run_id"":""6fbacde98dc24b6f8fff45c64cb68493"",""fs_enabled"":true,""fs_method"":""select_k_best_f_classif"",""model"":""svm_linear"",""n_features"":10,""window_seconds"":4}",svm_linear,True,select_k_best_f_classif,10,sequential,6fbacde98dc24b6f8fff45c64cb68493,4,70,10,true,true,feature_selection_mean_pairwise_jaccard,0.49753625332193774
svm_linear|1|10|true|true|True|select_k_best_f_classif|10|sequential|f7cc3f2991cf46b58bbb3528f4944b25,sweeps/artifacts/runexp-mode-fs-sets-none-models-svm_linear-ws-6-ord-sequential-ik-1-ok-10-eq-true-sm-true-ds-auto-fsm-select_k_best_f_classif-fn-10__1362f3fe9ea4.results.jsonl,2026-03-24T19:12:26+00:00,1,1362f3fe9ea45d4e99e713a7c0885f6f01ded2338a92ace6c1b571e41a7a643c,"{""dataset_run_id"":""f7cc3f2991cf46b58bbb3528f4944b25"",""fs_enabled"":true,""fs_method"":""select_k_best_f_classif"",""model"":""svm_linear"",""n_features"":10,""window_seconds"":6}",svm_linear,True,select_k_best_f_classif,10,sequential,f7cc3f2991cf46b58bbb3528f4944b25,6,1,10,true,true,feature_selection_mean_pairwise_jaccard,0.19047619047619047
svm_linear|5|10|true|true|True|select_k_best_f_classif|10|sequential|f7cc3f2991cf46b58bbb3528f4944b25,sweeps/artifacts/runexp-mode-fs-sets-none-models-svm_linear-ws-6-ord-sequential-ik-5-ok-10-eq-true-sm-true-ds-auto-fsm-select_k_best_f_classif-fn-10__c8c44ae7afba.results.jsonl,2026-03-24T19:12:43+00:00,1,c8c44ae7afba38d47e7d61f1d5475390b26dd045069c62c402cb8d788e0caae6,"{""dataset_run_id"":""f7cc3f2991cf46b58bbb3528f4944b25"",""fs_enabled"":true,""fs_method"":""select_k_best_f_classif"",""model"":""svm_linear"",""n_features"":10,""window_seconds"":6}",svm_linear,True,select_k_best_f_classif,10,sequential,f7cc3f2991cf46b58bbb3528f4944b25,6,5,10,true,true,feature_selection_mean_pairwise_jaccard,0.25633030990173844
svm_linear|10|10|true|true|True|select_k_best_f_classif|10|sequential|f7cc3f2991cf46b58bbb3528f4944b25,sweeps/artifacts/runexp-mode-fs-sets-none-models-svm_linear-ws-6-ord-sequential-ik-10-ok-10-eq-true-sm-true-ds-auto-fsm-select_k_best_f_classif-fn-10__e0c28081adca.results.jsonl,2026-03-24T19:13:00+00:00,1,e0c28081adcab32fd54c138dc87fc755ee1fb91d864f7f256dc6882677313b3f,"{""dataset_run_id"":""f7cc3f2991cf46b58bbb3528f4944b25"",""fs_enabled"":true,""fs_method"":""select_k_best_f_classif"",""model"":""svm_linear"",""n_features"":10,""window_seconds"":6}",svm_linear,True,select_k_best_f_classif,10,sequential,f7cc3f2991cf46b58bbb3528f4944b25,6,10,10,true,true,feature_selection_mean_pairwise_jaccard,0.22523372371890726
svm_linear|15|10|true|true|True|select_k_best_f_classif|10|sequential|f7cc3f2991cf46b58bbb3528f4944b25,sweeps/artifacts/runexp-mode-fs-sets-none-models-svm_linear-ws-6-ord-sequential-ik-15-ok-10-eq-true-sm-true-ds-auto-fsm-select_k_best_f_classif-fn-10__191d1a8face0.results.jsonl,2026-03-24T19:13:21+00:00,1,191d1a8face0766978fba4de2ff17c73c73ef6a996b4d13a28da14dc970df9c0,"{""dataset_run_id"":""f7cc3f2991cf46b58bbb3528f4944b25"",""fs_enabled"":true,""fs_method"":""select_k_best_f_classif"",""model"":""svm_linear"",""n_features"":10,""window_seconds"":6}",svm_linear,True,select_k_best_f_classif,10,sequential,f7cc3f2991cf46b58bbb3528f4944b25,6,15,10,true,true,feature_selection_mean_pairwise_jaccard,0.24952136631640864
svm_linear|20|10|true|true|True|select_k_best_f_classif|10|sequential|f7cc3f2991cf46b58bbb3528f4944b25,sweeps/artifacts/runexp-mode-fs-sets-none-models-svm_linear-ws-6-ord-sequential-ik-20-ok-10-eq-true-sm-true-ds-auto-fsm-select_k_best_f_classif-fn-10__8e145dff7fc8.results.jsonl,2026-03-24T19:13:38+00:00,1,8e145dff7fc8ab6af8b76e30a30ded13eba3929ae01338008baeaddca3a83dfb,"{""dataset_run_id"":""f7cc3f2991cf46b58bbb3528f4944b25"",""fs_enabled"":true,""fs_method"":""select_k_best_f_classif"",""model"":""svm_linear"",""n_features"":10,""window_seconds"":6}",svm_linear,True,select_k_best_f_classif,10,sequential,f7cc3f2991cf46b58bbb3528f4944b25,6,20,10,true,true,feature_selection_mean_pairwise_jaccard,0.2838247047993529
svm_linear|25|10|true|true|True|select_k_best_f_classif|10|sequential|f7cc3f2991cf46b58bbb3528f4944b25,sweeps/artifacts/runexp-mode-fs-sets-none-models-svm_linear-ws-6-ord-sequential-ik-25-ok-10-eq-true-sm-true-ds-auto-fsm-select_k_best_f_classif-fn-10__2e559bf82e55.results.jsonl,2026-03-24T19:13:57+00:00,1,2e559bf82e55599e6b4429f498d43aaaead592035c05a9db1dd70803075a2737,"{""dataset_run_id"":""f7cc3f2991cf46b58bbb3528f4944b25"",""fs_enabled"":true,""fs_method"":""select_k_best_f_classif"",""model"":""svm_linear"",""n_features"":10,""window_seconds"":6}",svm_linear,True,select_k_best_f_classif,10,sequential,f7cc3f2991cf46b58bbb3528f4944b25,6,25,10,true,true,feature_selection_mean_pairwise_jaccard,0.3387829051080188
svm_linear|30|10|true|true|True|select_k_best_f_classif|10|sequential|f7cc3f2991cf46b58bbb3528f4944b25,sweeps/artifacts/runexp-mode-fs-sets-none-models-svm_linear-ws-6-ord-sequential-ik-30-ok-10-eq-true-sm-true-ds-auto-fsm-select_k_best_f_classif-fn-10__ee83054a83d7.results.jsonl,2026-03-24T19:14:16+00:00,1,ee83054a83d7a40c891283ac306a26ab790ed67f9f0f613fdc86939e8bc20e30,"{""dataset_run_id"":""f7cc3f2991cf46b58bbb3528f4944b25"",""fs_enabled"":true,""fs_method"":""select_k_best_f_classif"",""model"":""svm_linear"",""n_features"":10,""window_seconds"":6}",svm_linear,True,select_k_best_f_classif,10,sequential,f7cc3f2991cf46b58bbb3528f4944b25,6,30,10,true,true,feature_selection_mean_pairwise_jaccard,0.3629166361737634
svm_linear|35|10|true|true|True|select_k_best_f_classif|10|sequential|f7cc3f2991cf46b58bbb3528f4944b25,sweeps/artifacts/runexp-mode-fs-sets-none-models-svm_linear-ws-6-ord-sequential-ik-35-ok-10-eq-true-sm-true-ds-auto-fsm-select_k_best_f_classif-fn-10__23c76aba4557.results.jsonl,2026-03-24T19:14:35+00:00,1,23c76aba4557af079a7370c2a1fd7b3cd3349cb63beb3a6471c0b9938bb7c133,"{""dataset_run_id"":""f7cc3f2991cf46b58bbb3528f4944b25"",""fs_enabled"":true,""fs_method"":""select_k_best_f_classif"",""model"":""svm_linear"",""n_features"":10,""window_seconds"":6}",svm_linear,True,select_k_best_f_classif,10,sequential,f7cc3f2991cf46b58bbb3528f4944b25,6,35,10,true,true,feature_selection_mean_pairwise_jaccard,0.38883296537218176
svm_linear|40|10|true|true|True|select_k_best_f_classif|10|sequential|f7cc3f2991cf46b58bbb3528f4944b25,sweeps/artifacts/runexp-mode-fs-sets-none-models-svm_linear-ws-6-ord-sequential-ik-40-ok-10-eq-true-sm-true-ds-auto-fsm-select_k_best_f_classif-fn-10__ac55ac7b2e5e.results.jsonl,2026-03-24T19:14:55+00:00,1,ac55ac7b2e5e1edb855430745557e8c4438e3b6bb71318cd2bd250df699d5727,"{""dataset_run_id"":""f7cc3f2991cf46b58bbb3528f4944b25"",""fs_enabled"":true,""fs_method"":""select_k_best_f_classif"",""model"":""svm_linear"",""n_features"":10,""window_seconds"":6}",svm_linear,True,select_k_best_f_classif,10,sequential,f7cc3f2991cf46b58bbb3528f4944b25,6,40,10,true,true,feature_selection_mean_pairwise_jaccard,0.4148954834050276
svm_linear|45|10|true|true|True|select_k_best_f_classif|10|sequential|f7cc3f2991cf46b58bbb3528f4944b25,sweeps/artifacts/runexp-mode-fs-sets-none-models-svm_linear-ws-6-ord-sequential-ik-45-ok-10-eq-true-sm-true-ds-auto-fsm-select_k_best_f_classif-fn-10__9984e9232de6.results.jsonl,2026-03-24T22:03:04+00:00,1,9984e9232de6ce22ec676c6457271c654438bfb8e9bac3504dcce27de492e246,"{""dataset_run_id"":""f7cc3f2991cf46b58bbb3528f4944b25"",""fs_enabled"":true,""fs_method"":""select_k_best_f_classif"",""model"":""svm_linear"",""n_features"":10,""window_seconds"":6}",svm_linear,True,select_k_best_f_classif,10,sequential,f7cc3f2991cf46b58bbb3528f4944b25,6,45,10,true,true,feature_selection_mean_pairwise_jaccard,0.43053845342791813
svm_linear|50|10|true|true|True|select_k_best_f_classif|10|sequential|f7cc3f2991cf46b58bbb3528f4944b25,sweeps/artifacts/runexp-mode-fs-sets-none-models-svm_linear-ws-6-ord-sequential-ik-50-ok-10-eq-true-sm-true-ds-auto-fsm-select_k_best_f_classif-fn-10__e39bfa26febe.results.jsonl,2026-03-24T22:03:23+00:00,1,e39bfa26febe774644a2f119ad884c449a580fab29c39631d5c04a5556eb17b3,"{""dataset_run_id"":""f7cc3f2991cf46b58bbb3528f4944b25"",""fs_enabled"":true,""fs_method"":""select_k_best_f_classif"",""model"":""svm_linear"",""n_features"":10,""window_seconds"":6}",svm_linear,True,select_k_best_f_classif,10,sequential,f7cc3f2991cf46b58bbb3528f4944b25,6,50,10,true,true,feature_selection_mean_pairwise_jaccard,0.4442365306741236
svm_linear|55|10|true|true|True|select_k_best_f_classif|10|sequential|f7cc3f2991cf46b58bbb3528f4944b25,sweeps/artifacts/runexp-mode-fs-sets-none-models-svm_linear-ws-6-ord-sequential-ik-55-ok-10-eq-true-sm-true-ds-auto-fsm-select_k_best_f_classif-fn-10__06fbf4ac3db7.results.jsonl,2026-03-24T22:03:44+00:00,1,06fbf4ac3db78091a2d1a37bcecf185a6a440c77a880a6278c15cd9434e15f90,"{""dataset_run_id"":""f7cc3f2991cf46b58bbb3528f4944b25"",""fs_enabled"":true,""fs_method"":""select_k_best_f_classif"",""model"":""svm_linear"",""n_features"":10,""window_seconds"":6}",svm_linear,True,select_k_best_f_classif,10,sequential,f7cc3f2991cf46b58bbb3528f4944b25,6,55,10,true,true,feature_selection_mean_pairwise_jaccard,0.46014480580140044
svm_linear|60|10|true|true|True|select_k_best_f_classif|10|sequential|f7cc3f2991cf46b58bbb3528f4944b25,sweeps/artifacts/runexp-mode-fs-sets-none-models-svm_linear-ws-6-ord-sequential-ik-60-ok-10-eq-true-sm-true-ds-auto-fsm-select_k_best_f_classif-fn-10__7ee542b533e6.results.jsonl,2026-03-24T22:04:04+00:00,1,7ee542b533e6e7444bed6f01f10ca06d8eafd331b64b840d402a3e21ff5d1c79,"{""dataset_run_id"":""f7cc3f2991cf46b58bbb3528f4944b25"",""fs_enabled"":true,""fs_method"":""select_k_best_f_classif"",""model"":""svm_linear"",""n_features"":10,""window_seconds"":6}",svm_linear,True,select_k_best_f_classif,10,sequential,f7cc3f2991cf46b58bbb3528f4944b25,6,60,10,true,true,feature_selection_mean_pairwise_jaccard,0.4786863954594537
svm_linear|65|10|true|true|True|select_k_best_f_classif|10|sequential|f7cc3f2991cf46b58bbb3528f4944b25,sweeps/artifacts/runexp-mode-fs-sets-none-models-svm_linear-ws-6-ord-sequential-ik-65-ok-10-eq-true-sm-true-ds-auto-fsm-select_k_best_f_classif-fn-10__ebfc30369d65.results.jsonl,2026-03-24T22:04:26+00:00,1,ebfc30369d6565a38d1d1f207ab3f5634061f11a00ccc8aee2cb6b86e56f3ca4,"{""dataset_run_id"":""f7cc3f2991cf46b58bbb3528f4944b25"",""fs_enabled"":true,""fs_method"":""select_k_best_f_classif"",""model"":""svm_linear"",""n_features"":10,""window_seconds"":6}",svm_linear,True,select_k_best_f_classif,10,sequential,f7cc3f2991cf46b58bbb3528f4944b25,6,65,10,true,true,feature_selection_mean_pairwise_jaccard,0.4921317299192941
svm_linear|70|10|true|true|True|select_k_best_f_classif|10|sequential|f7cc3f2991cf46b58bbb3528f4944b25,sweeps/artifacts/runexp-mode-fs-sets-none-models-svm_linear-ws-6-ord-sequential-ik-70-ok-10-eq-true-sm-true-ds-auto-fsm-select_k_best_f_classif-fn-10__c570aa72d9e4.results.jsonl,2026-03-24T22:04:46+00:00,1,c570aa72d9e42fe3d0070a4d8ce487607199b834498a5cf74b8756a40d286835,"{""dataset_run_id"":""f7cc3f2991cf46b58bbb3528f4944b25"",""fs_enabled"":true,""fs_method"":""select_k_best_f_classif"",""model"":""svm_linear"",""n_features"":10,""window_seconds"":6}",svm_linear,True,select_k_best_f_classif,10,sequential,f7cc3f2991cf46b58bbb3528f4944b25,6,70,10,true,true,feature_selection_mean_pairwise_jaccard,0.5040480417132193
svm_linear|1|10|true|true|True|select_k_best_f_classif|10|sequential|18efe04bc6a2488fac966a342fe5aa1c,sweeps/artifacts/runexp-mode-fs-sets-none-models-svm_linear-ws-8-ord-sequential-ik-1-ok-10-eq-true-sm-true-ds-auto-fsm-select_k_best_f_classif-fn-10__4cb71216db20.results.jsonl,2026-03-24T19:15:08+00:00,1,4cb71216db201ffb7a815aa473c3db91eae8d2317ac6498b7349e303a0ce111c,"{""dataset_run_id"":""18efe04bc6a2488fac966a342fe5aa1c"",""fs_enabled"":true,""fs_method"":""select_k_best_f_classif"",""model"":""svm_linear"",""n_features"":10,""window_seconds"":8}",svm_linear,True,select_k_best_f_classif,10,sequential,18efe04bc6a2488fac966a342fe5aa1c,8,1,10,true,true,feature_selection_mean_pairwise_jaccard,0.16666666666666666
svm_linear|5|10|true|true|True|select_k_best_f_classif|10|sequential|18efe04bc6a2488fac966a342fe5aa1c,sweeps/artifacts/runexp-mode-fs-sets-none-models-svm_linear-ws-8-ord-sequential-ik-5-ok-10-eq-true-sm-true-ds-auto-fsm-select_k_best_f_classif-fn-10__b1b7cb8101f5.results.jsonl,2026-03-24T19:15:25+00:00,1,b1b7cb8101f519157731ac1f2b84db07ea769034adbc07553db40c59996c23cf,"{""dataset_run_id"":""18efe04bc6a2488fac966a342fe5aa1c"",""fs_enabled"":true,""fs_method"":""select_k_best_f_classif"",""model"":""svm_linear"",""n_features"":10,""window_seconds"":8}",svm_linear,True,select_k_best_f_classif,10,sequential,18efe04bc6a2488fac966a342fe5aa1c,8,5,10,true,true,feature_selection_mean_pairwise_jaccard,0.2590891912320484
svm_linear|10|10|true|true|True|select_k_best_f_classif|10|sequential|18efe04bc6a2488fac966a342fe5aa1c,sweeps/artifacts/runexp-mode-fs-sets-none-models-svm_linear-ws-8-ord-sequential-ik-10-ok-10-eq-true-sm-true-ds-auto-fsm-select_k_best_f_classif-fn-10__73bddef6d615.results.jsonl,2026-03-24T19:15:38+00:00,1,73bddef6d615d884bdd6540a057f157c38a20b0be485a4b3c248b2113857dab7,"{""dataset_run_id"":""18efe04bc6a2488fac966a342fe5aa1c"",""fs_enabled"":true,""fs_method"":""select_k_best_f_classif"",""model"":""svm_linear"",""n_features"":10,""window_seconds"":8}",svm_linear,True,select_k_best_f_classif,10,sequential,18efe04bc6a2488fac966a342fe5aa1c,8,10,10,true,true,feature_selection_mean_pairwise_jaccard,0.2359009927121382
svm_linear|15|10|true|true|True|select_k_best_f_classif|10|sequential|18efe04bc6a2488fac966a342fe5aa1c,sweeps/artifacts/runexp-mode-fs-sets-none-models-svm_linear-ws-8-ord-sequential-ik-15-ok-10-eq-true-sm-true-ds-auto-fsm-select_k_best_f_classif-fn-10__f8dd223d8041.results.jsonl,2026-03-24T19:15:54+00:00,1,f8dd223d80419194082bc5737273cf9f2a46b59dbea60b416a27bbf22f03b61b,"{""dataset_run_id"":""18efe04bc6a2488fac966a342fe5aa1c"",""fs_enabled"":true,""fs_method"":""select_k_best_f_classif"",""model"":""svm_linear"",""n_features"":10,""window_seconds"":8}",svm_linear,True,select_k_best_f_classif,10,sequential,18efe04bc6a2488fac966a342fe5aa1c,8,15,10,true,true,feature_selection_mean_pairwise_jaccard,0.2561929214873508
svm_linear|20|10|true|true|True|select_k_best_f_classif|10|sequential|18efe04bc6a2488fac966a342fe5aa1c,sweeps/artifacts/runexp-mode-fs-sets-none-models-svm_linear-ws-8-ord-sequential-ik-20-ok-10-eq-true-sm-true-ds-auto-fsm-select_k_best_f_classif-fn-10__d05777a4b6c1.results.jsonl,2026-03-24T19:16:10+00:00,1,d05777a4b6c173642be11139710716eb8f6f025aa774239f85aa7abbae4379d4,"{""dataset_run_id"":""18efe04bc6a2488fac966a342fe5aa1c"",""fs_enabled"":true,""fs_method"":""select_k_best_f_classif"",""model"":""svm_linear"",""n_features"":10,""window_seconds"":8}",svm_linear,True,select_k_best_f_classif,10,sequential,18efe04bc6a2488fac966a342fe5aa1c,8,20,10,true,true,feature_selection_mean_pairwise_jaccard,0.29322832187942766
svm_linear|25|10|true|true|True|select_k_best_f_classif|10|sequential|18efe04bc6a2488fac966a342fe5aa1c,sweeps/artifacts/runexp-mode-fs-sets-none-models-svm_linear-ws-8-ord-sequential-ik-25-ok-10-eq-true-sm-true-ds-auto-fsm-select_k_best_f_classif-fn-10__252819cfd9e7.results.jsonl,2026-03-24T19:16:29+00:00,1,252819cfd9e7311d412199941315c9af892592ed13c9ac9ecea1aa1bacc77616,"{""dataset_run_id"":""18efe04bc6a2488fac966a342fe5aa1c"",""fs_enabled"":true,""fs_method"":""select_k_best_f_classif"",""model"":""svm_linear"",""n_features"":10,""window_seconds"":8}",svm_linear,True,select_k_best_f_classif,10,sequential,18efe04bc6a2488fac966a342fe5aa1c,8,25,10,true,true,feature_selection_mean_pairwise_jaccard,0.32185661848485614
svm_linear|30|10|true|true|True|select_k_best_f_classif|10|sequential|18efe04bc6a2488fac966a342fe5aa1c,sweeps/artifacts/runexp-mode-fs-sets-none-models-svm_linear-ws-8-ord-sequential-ik-30-ok-10-eq-true-sm-true-ds-auto-fsm-select_k_best_f_classif-fn-10__1eb9913e89f2.results.jsonl,2026-03-24T19:16:45+00:00,1,1eb9913e89f215a986edd1ef0f7e0de06ad6cc004870f4895d5097fb8ed1dfcf,"{""dataset_run_id"":""18efe04bc6a2488fac966a342fe5aa1c"",""fs_enabled"":true,""fs_method"":""select_k_best_f_classif"",""model"":""svm_linear"",""n_features"":10,""window_seconds"":8}",svm_linear,True,select_k_best_f_classif,10,sequential,18efe04bc6a2488fac966a342fe5aa1c,8,30,10,true,true,feature_selection_mean_pairwise_jaccard,0.3598228415857385
svm_linear|35|10|true|true|True|select_k_best_f_classif|10|sequential|18efe04bc6a2488fac966a342fe5aa1c,sweeps/artifacts/runexp-mode-fs-sets-none-models-svm_linear-ws-8-ord-sequential-ik-35-ok-10-eq-true-sm-true-ds-auto-fsm-select_k_best_f_classif-fn-10__83c426d078e1.results.jsonl,2026-03-24T19:17:00+00:00,1,83c426d078e1a0aef7a12bab0c99bc8436fd34d82e3ca03decca754c0ca4bf0d,"{""dataset_run_id"":""18efe04bc6a2488fac966a342fe5aa1c"",""fs_enabled"":true,""fs_method"":""select_k_best_f_classif"",""model"":""svm_linear"",""n_features"":10,""window_seconds"":8}",svm_linear,True,select_k_best_f_classif,10,sequential,18efe04bc6a2488fac966a342fe5aa1c,8,35,10,true,true,feature_selection_mean_pairwise_jaccard,0.38948090121082346
svm_linear|40|10|true|true|True|select_k_best_f_classif|10|sequential|18efe04bc6a2488fac966a342fe5aa1c,sweeps/artifacts/runexp-mode-fs-sets-none-models-svm_linear-ws-8-ord-sequential-ik-40-ok-10-eq-true-sm-true-ds-auto-fsm-select_k_best_f_classif-fn-10__4e1d4a300995.results.jsonl,2026-03-24T19:17:17+00:00,1,4e1d4a3009952bffa47b1c32290c7a3a1cd8e22d8555a3f85f536e4035fdf0bd,"{""dataset_run_id"":""18efe04bc6a2488fac966a342fe5aa1c"",""fs_enabled"":true,""fs_method"":""select_k_best_f_classif"",""model"":""svm_linear"",""n_features"":10,""window_seconds"":8}",svm_linear,True,select_k_best_f_classif,10,sequential,18efe04bc6a2488fac966a342fe5aa1c,8,40,10,true,true,feature_selection_mean_pairwise_jaccard,0.4116013768200657
svm_linear|45|10|true|true|True|select_k_best_f_classif|10|sequential|18efe04bc6a2488fac966a342fe5aa1c,sweeps/artifacts/runexp-mode-fs-sets-none-models-svm_linear-ws-8-ord-sequential-ik-45-ok-10-eq-true-sm-true-ds-auto-fsm-select_k_best_f_classif-fn-10__85641df05031.results.jsonl,2026-03-24T22:05:10+00:00,1,85641df050319785325cab841fc8b3d77229343569c6a78793ec1ae1d44411dc,"{""dataset_run_id"":""18efe04bc6a2488fac966a342fe5aa1c"",""fs_enabled"":true,""fs_method"":""select_k_best_f_classif"",""model"":""svm_linear"",""n_features"":10,""window_seconds"":8}",svm_linear,True,select_k_best_f_classif,10,sequential,18efe04bc6a2488fac966a342fe5aa1c,8,45,10,true,true,feature_selection_mean_pairwise_jaccard,0.42878417657306267
svm_linear|50|10|true|true|True|select_k_best_f_classif|10|sequential|18efe04bc6a2488fac966a342fe5aa1c,sweeps/artifacts/runexp-mode-fs-sets-none-models-svm_linear-ws-8-ord-sequential-ik-50-ok-10-eq-true-sm-true-ds-auto-fsm-select_k_best_f_classif-fn-10__673700d3deeb.results.jsonl,2026-03-24T22:05:26+00:00,1,673700d3deebf492015350b5720d4dc60f82f0d699f66113fb7b5de665c08352,"{""dataset_run_id"":""18efe04bc6a2488fac966a342fe5aa1c"",""fs_enabled"":true,""fs_method"":""select_k_best_f_classif"",""model"":""svm_linear"",""n_features"":10,""window_seconds"":8}",svm_linear,True,select_k_best_f_classif,10,sequential,18efe04bc6a2488fac966a342fe5aa1c,8,50,10,true,true,feature_selection_mean_pairwise_jaccard,0.44747289571968724
svm_linear|55|10|true|true|True|select_k_best_f_classif|10|sequential|18efe04bc6a2488fac966a342fe5aa1c,sweeps/artifacts/runexp-mode-fs-sets-none-models-svm_linear-ws-8-ord-sequential-ik-55-ok-10-eq-true-sm-true-ds-auto-fsm-select_k_best_f_classif-fn-10__60e9fca83059.results.jsonl,2026-03-24T22:05:42+00:00,1,60e9fca8305926fd432c6b66d18a2aa98744ac825fbc1e3d70d796fce9391504,"{""dataset_run_id"":""18efe04bc6a2488fac966a342fe5aa1c"",""fs_enabled"":true,""fs_method"":""select_k_best_f_classif"",""model"":""svm_linear"",""n_features"":10,""window_seconds"":8}",svm_linear,True,select_k_best_f_classif,10,sequential,18efe04bc6a2488fac966a342fe5aa1c,8,55,10,true,true,feature_selection_mean_pairwise_jaccard,0.46157385823429803
svm_linear|60|10|true|true|True|select_k_best_f_classif|10|sequential|18efe04bc6a2488fac966a342fe5aa1c,sweeps/artifacts/runexp-mode-fs-sets-none-models-svm_linear-ws-8-ord-sequential-ik-60-ok-10-eq-true-sm-true-ds-auto-fsm-select_k_best_f_classif-fn-10__967fd51d664c.results.jsonl,2026-03-24T22:05:58+00:00,1,967fd51d664c424ceceb9ea80e96286e3b07064f1d1da85fa51ab16cb0ce1634,"{""dataset_run_id"":""18efe04bc6a2488fac966a342fe5aa1c"",""fs_enabled"":true,""fs_method"":""select_k_best_f_classif"",""model"":""svm_linear"",""n_features"":10,""window_seconds"":8}",svm_linear,True,select_k_best_f_classif,10,sequential,18efe04bc6a2488fac966a342fe5aa1c,8,60,10,true,true,feature_selection_mean_pairwise_jaccard,0.47942449642416196
svm_linear|65|10|true|true|True|select_k_best_f_classif|10|sequential|18efe04bc6a2488fac966a342fe5aa1c,sweeps/artifacts/runexp-mode-fs-sets-none-models-svm_linear-ws-8-ord-sequential-ik-65-ok-10-eq-true-sm-true-ds-auto-fsm-select_k_best_f_classif-fn-10__e6c47a986b2a.results.jsonl,2026-03-24T22:06:15+00:00,1,e6c47a986b2ac90b7eab39d9c07cb28c39c490ef8877bb9d1183d10cda1e111c,"{""dataset_run_id"":""18efe04bc6a2488fac966a342fe5aa1c"",""fs_enabled"":true,""fs_method"":""select_k_best_f_classif"",""model"":""svm_linear"",""n_features"":10,""window_seconds"":8}",svm_linear,True,select_k_best_f_classif,10,sequential,18efe04bc6a2488fac966a342fe5aa1c,8,65,10,true,true,feature_selection_mean_pairwise_jaccard,0.494101178380773
svm_linear|70|10|true|true|True|select_k_best_f_classif|10|sequential|18efe04bc6a2488fac966a342fe5aa1c,sweeps/artifacts/runexp-mode-fs-sets-none-models-svm_linear-ws-8-ord-sequential-ik-70-ok-10-eq-true-sm-true-ds-auto-fsm-select_k_best_f_classif-fn-10__ba5bc8d9464b.results.jsonl,2026-03-24T22:06:31+00:00,1,ba5bc8d9464b436b4d33147c0a40fd10ee345aab4294add587a68ba0d5d8ceaf,"{""dataset_run_id"":""18efe04bc6a2488fac966a342fe5aa1c"",""fs_enabled"":true,""fs_method"":""select_k_best_f_classif"",""model"":""svm_linear"",""n_features"":10,""window_seconds"":8}",svm_linear,True,select_k_best_f_classif,10,sequential,18efe04bc6a2488fac966a342fe5aa1c,8,70,10,true,true,feature_selection_mean_pairwise_jaccard,0.5136277674612958
svm_linear|1|10|true|true|True|select_k_best_f_classif|10|sequential|adcf4893301847cc8045d03d26b3d0e7,sweeps/artifacts/runexp-mode-fs-sets-none-models-svm_linear-ws-10-ord-sequential-ik-1-ok-10-eq-true-sm-true-ds-auto-fsm-select_k_best_f_classif-fn-10__ec1cf70dcc73.results.jsonl,2026-03-24T19:17:31+00:00,1,ec1cf70dcc73872dbcc2fe03e7b0b8880a692d4a44a0697126dd4c59dbe8697b,"{""dataset_run_id"":""adcf4893301847cc8045d03d26b3d0e7"",""fs_enabled"":true,""fs_method"":""select_k_best_f_classif"",""model"":""svm_linear"",""n_features"":10,""window_seconds"":10}",svm_linear,True,select_k_best_f_classif,10,sequential,adcf4893301847cc8045d03d26b3d0e7,10,1,10,true,true,feature_selection_mean_pairwise_jaccard,0.18095238095238095
svm_linear|5|10|true|true|True|select_k_best_f_classif|10|sequential|adcf4893301847cc8045d03d26b3d0e7,sweeps/artifacts/runexp-mode-fs-sets-none-models-svm_linear-ws-10-ord-sequential-ik-5-ok-10-eq-true-sm-true-ds-auto-fsm-select_k_best_f_classif-fn-10__c0990d48997d.results.jsonl,2026-03-24T19:17:47+00:00,1,c0990d48997d6a6be0c9beecf74bfc769abfb9b5baf443a3e58b805566c74965,"{""dataset_run_id"":""adcf4893301847cc8045d03d26b3d0e7"",""fs_enabled"":true,""fs_method"":""select_k_best_f_classif"",""model"":""svm_linear"",""n_features"":10,""window_seconds"":10}",svm_linear,True,select_k_best_f_classif,10,sequential,adcf4893301847cc8045d03d26b3d0e7,10,5,10,true,true,feature_selection_mean_pairwise_jaccard,0.2553476946334089
svm_linear|10|10|true|true|True|select_k_best_f_classif|10|sequential|adcf4893301847cc8045d03d26b3d0e7,sweeps/artifacts/runexp-mode-fs-sets-none-models-svm_linear-ws-10-ord-sequential-ik-10-ok-10-eq-true-sm-true-ds-auto-fsm-select_k_best_f_classif-fn-10__a76939919bde.results.jsonl,2026-03-24T19:18:03+00:00,1,a76939919bde94dc6c3247dad399dedd56053b93bce3d4e2af888fb23bbb7507,"{""dataset_run_id"":""adcf4893301847cc8045d03d26b3d0e7"",""fs_enabled"":true,""fs_method"":""select_k_best_f_classif"",""model"":""svm_linear"",""n_features"":10,""window_seconds"":10}",svm_linear,True,select_k_best_f_classif,10,sequential,adcf4893301847cc8045d03d26b3d0e7,10,10,10,true,true,feature_selection_mean_pairwise_jaccard,0.24523337450139748
svm_linear|15|10|true|true|True|select_k_best_f_classif|10|sequential|adcf4893301847cc8045d03d26b3d0e7,sweeps/artifacts/runexp-mode-fs-sets-none-models-svm_linear-ws-10-ord-sequential-ik-15-ok-10-eq-true-sm-true-ds-auto-fsm-select_k_best_f_classif-fn-10__8ddfe3e62015.results.jsonl,2026-03-24T19:18:20+00:00,1,8ddfe3e62015887dd48a6f7ec983270c5189ef2a4f8d353d9859ad3d812f40f2,"{""dataset_run_id"":""adcf4893301847cc8045d03d26b3d0e7"",""fs_enabled"":true,""fs_method"":""select_k_best_f_classif"",""model"":""svm_linear"",""n_features"":10,""window_seconds"":10}",svm_linear,True,select_k_best_f_classif,10,sequential,adcf4893301847cc8045d03d26b3d0e7,10,15,10,true,true,feature_selection_mean_pairwise_jaccard,0.2545518372675559
svm_linear|20|10|true|true|True|select_k_best_f_classif|10|sequential|adcf4893301847cc8045d03d26b3d0e7,sweeps/artifacts/runexp-mode-fs-sets-none-models-svm_linear-ws-10-ord-sequential-ik-20-ok-10-eq-true-sm-true-ds-auto-fsm-select_k_best_f_classif-fn-10__a1c040e07ed4.results.jsonl,2026-03-24T19:18:39+00:00,1,a1c040e07ed4ea7c11a773dde4baeb5db84a31843da11aa6bf5119db60edbed8,"{""dataset_run_id"":""adcf4893301847cc8045d03d26b3d0e7"",""fs_enabled"":true,""fs_method"":""select_k_best_f_classif"",""model"":""svm_linear"",""n_features"":10,""window_seconds"":10}",svm_linear,True,select_k_best_f_classif,10,sequential,adcf4893301847cc8045d03d26b3d0e7,10,20,10,true,true,feature_selection_mean_pairwise_jaccard,0.28262994953762277
svm_linear|25|10|true|true|True|select_k_best_f_classif|10|sequential|adcf4893301847cc8045d03d26b3d0e7,sweeps/artifacts/runexp-mode-fs-sets-none-models-svm_linear-ws-10-ord-sequential-ik-25-ok-10-eq-true-sm-true-ds-auto-fsm-select_k_best_f_classif-fn-10__b82c6bef268f.results.jsonl,2026-03-24T19:18:59+00:00,1,b82c6bef268f566fc73724c6ec3ae2fc95ee71c4e1efd680e04c246f1e299556,"{""dataset_run_id"":""adcf4893301847cc8045d03d26b3d0e7"",""fs_enabled"":true,""fs_method"":""select_k_best_f_classif"",""model"":""svm_linear"",""n_features"":10,""window_seconds"":10}",svm_linear,True,select_k_best_f_classif,10,sequential,adcf4893301847cc8045d03d26b3d0e7,10,25,10,true,true,feature_selection_mean_pairwise_jaccard,0.33390335870341775
svm_linear|30|10|true|true|True|select_k_best_f_classif|10|sequential|adcf4893301847cc8045d03d26b3d0e7,sweeps/artifacts/runexp-mode-fs-sets-none-models-svm_linear-ws-10-ord-sequential-ik-30-ok-10-eq-true-sm-true-ds-auto-fsm-select_k_best_f_classif-fn-10__e6223eb1bfd5.results.jsonl,2026-03-24T19:19:17+00:00,1,e6223eb1bfd5efd2cd66eb2bb152780519b839975f0c369152780f4e36919c70,"{""dataset_run_id"":""adcf4893301847cc8045d03d26b3d0e7"",""fs_enabled"":true,""fs_method"":""select_k_best_f_classif"",""model"":""svm_linear"",""n_features"":10,""window_seconds"":10}",svm_linear,True,select_k_best_f_classif,10,sequential,adcf4893301847cc8045d03d26b3d0e7,10,30,10,true,true,feature_selection_mean_pairwise_jaccard,0.37485433890570685
svm_linear|35|10|true|true|True|select_k_best_f_classif|10|sequential|adcf4893301847cc8045d03d26b3d0e7,sweeps/artifacts/runexp-mode-fs-sets-none-models-svm_linear-ws-10-ord-sequential-ik-35-ok-10-eq-true-sm-true-ds-auto-fsm-select_k_best_f_classif-fn-10__385ebe2e5240.results.jsonl,2026-03-24T19:19:39+00:00,1,385ebe2e52407973d2e7fa6647dfbbcbe22914056f70de1f9805d6e638c9cc52,"{""dataset_run_id"":""adcf4893301847cc8045d03d26b3d0e7"",""fs_enabled"":true,""fs_method"":""select_k_best_f_classif"",""model"":""svm_linear"",""n_features"":10,""window_seconds"":10}",svm_linear,True,select_k_best_f_classif,10,sequential,adcf4893301847cc8045d03d26b3d0e7,10,35,10,true,true,feature_selection_mean_pairwise_jaccard,0.39460977769165945
svm_linear|40|10|true|true|True|select_k_best_f_classif|10|sequential|adcf4893301847cc8045d03d26b3d0e7,sweeps/artifacts/runexp-mode-fs-sets-none-models-svm_linear-ws-10-ord-sequential-ik-40-ok-10-eq-true-sm-true-ds-auto-fsm-select_k_best_f_classif-fn-10__5db72bf38f84.results.jsonl,2026-03-24T19:20:01+00:00,1,5db72bf38f84a6671374479b798b07bfacffc6561a22c9b715b87cf5bfa301a3,"{""dataset_run_id"":""adcf4893301847cc8045d03d26b3d0e7"",""fs_enabled"":true,""fs_method"":""select_k_best_f_classif"",""model"":""svm_linear"",""n_features"":10,""window_seconds"":10}",svm_linear,True,select_k_best_f_classif,10,sequential,adcf4893301847cc8045d03d26b3d0e7,10,40,10,true,true,feature_selection_mean_pairwise_jaccard,0.42471339353118637
svm_linear|45|10|true|true|True|select_k_best_f_classif|10|sequential|adcf4893301847cc8045d03d26b3d0e7,sweeps/artifacts/runexp-mode-fs-sets-none-models-svm_linear-ws-10-ord-sequential-ik-45-ok-10-eq-true-sm-true-ds-auto-fsm-select_k_best_f_classif-fn-10__608c0f936e3c.results.jsonl,2026-03-24T22:06:55+00:00,1,608c0f936e3ccb0a18e514e77679534eea1160b0daaa692cedf1665e13910610,"{""dataset_run_id"":""adcf4893301847cc8045d03d26b3d0e7"",""fs_enabled"":true,""fs_method"":""select_k_best_f_classif"",""model"":""svm_linear"",""n_features"":10,""window_seconds"":10}",svm_linear,True,select_k_best_f_classif,10,sequential,adcf4893301847cc8045d03d26b3d0e7,10,45,10,true,true,feature_selection_mean_pairwise_jaccard,0.43861932215007227
svm_linear|50|10|true|true|True|select_k_best_f_classif|10|sequential|adcf4893301847cc8045d03d26b3d0e7,sweeps/artifacts/runexp-mode-fs-sets-none-models-svm_linear-ws-10-ord-sequential-ik-50-ok-10-eq-true-sm-true-ds-auto-fsm-select_k_best_f_classif-fn-10__66b647e22543.results.jsonl,2026-03-24T22:07:11+00:00,1,66b647e22543fc4ecf739a4538209ba0cf351d97340c64452cab4c8268fedb32,"{""dataset_run_id"":""adcf4893301847cc8045d03d26b3d0e7"",""fs_enabled"":true,""fs_method"":""select_k_best_f_classif"",""model"":""svm_linear"",""n_features"":10,""window_seconds"":10}",svm_linear,True,select_k_best_f_classif,10,sequential,adcf4893301847cc8045d03d26b3d0e7,10,50,10,true,true,feature_selection_mean_pairwise_jaccard,0.45716661701183314
svm_linear|55|10|true|true|True|select_k_best_f_classif|10|sequential|adcf4893301847cc8045d03d26b3d0e7,sweeps/artifacts/runexp-mode-fs-sets-none-models-svm_linear-ws-10-ord-sequential-ik-55-ok-10-eq-true-sm-true-ds-auto-fsm-select_k_best_f_classif-fn-10__e9bb5c3ad36c.results.jsonl,2026-03-24T22:07:27+00:00,1,e9bb5c3ad36c2e772fccb26203dbda7b90384b885288c911cb63056822b74dfe,"{""dataset_run_id"":""adcf4893301847cc8045d03d26b3d0e7"",""fs_enabled"":true,""fs_method"":""select_k_best_f_classif"",""model"":""svm_linear"",""n_features"":10,""window_seconds"":10}",svm_linear,True,select_k_best_f_classif,10,sequential,adcf4893301847cc8045d03d26b3d0e7,10,55,10,true,true,feature_selection_mean_pairwise_jaccard,0.46675030604860396
svm_linear|60|10|true|true|True|select_k_best_f_classif|10|sequential|adcf4893301847cc8045d03d26b3d0e7,sweeps/artifacts/runexp-mode-fs-sets-none-models-svm_linear-ws-10-ord-sequential-ik-60-ok-10-eq-true-sm-true-ds-auto-fsm-select_k_best_f_classif-fn-10__81143aac461c.results.jsonl,2026-03-24T22:07:43+00:00,1,81143aac461cd8faeb9d762d1efd2dbacea77d07291e285ad03611deaae3c306,"{""dataset_run_id"":""adcf4893301847cc8045d03d26b3d0e7"",""fs_enabled"":true,""fs_method"":""select_k_best_f_classif"",""model"":""svm_linear"",""n_features"":10,""window_seconds"":10}",svm_linear,True,select_k_best_f_classif,10,sequential,adcf4893301847cc8045d03d26b3d0e7,10,60,10,true,true,feature_selection_mean_pairwise_jaccard,0.485363462577908
svm_linear|65|10|true|true|True|select_k_best_f_classif|10|sequential|adcf4893301847cc8045d03d26b3d0e7,sweeps/artifacts/runexp-mode-fs-sets-none-models-svm_linear-ws-10-ord-sequential-ik-65-ok-10-eq-true-sm-true-ds-auto-fsm-select_k_best_f_classif-fn-10__2cb4e86a1cfe.results.jsonl,2026-03-24T22:07:59+00:00,1,2cb4e86a1cfe9735920105fc0b4e38478c5938dcc8950e88c4181fe7d43f36a2,"{""dataset_run_id"":""adcf4893301847cc8045d03d26b3d0e7"",""fs_enabled"":true,""fs_method"":""select_k_best_f_classif"",""model"":""svm_linear"",""n_features"":10,""window_seconds"":10}",svm_linear,True,select_k_best_f_classif,10,sequential,adcf4893301847cc8045d03d26b3d0e7,10,65,10,true,true,feature_selection_mean_pairwise_jaccard,0.49874949198230856
svm_linear|70|10|true|true|True|select_k_best_f_classif|10|sequential|adcf4893301847cc8045d03d26b3d0e7,sweeps/artifacts/runexp-mode-fs-sets-none-models-svm_linear-ws-10-ord-sequential-ik-70-ok-10-eq-true-sm-true-ds-auto-fsm-select_k_best_f_classif-fn-10__bc6d87995846.results.jsonl,2026-03-24T22:08:15+00:00,1,bc6d879958463d179da2a56007a71edbe93c93fd4a6e14f515b10e3a0ef833da,"{""dataset_run_id"":""adcf4893301847cc8045d03d26b3d0e7"",""fs_enabled"":true,""fs_method"":""select_k_best_f_classif"",""model"":""svm_linear"",""n_features"":10,""window_seconds"":10}",svm_linear,True,select_k_best_f_classif,10,sequential,adcf4893301847cc8045d03d26b3d0e7,10,70,10,true,true,feature_selection_mean_pairwise_jaccard,0.5196813177681397
